original_image_path,original_label_path,output_image_path,output_label_path,split,group_id,image_hash,annotation_count,class_ids,validation_warnings,included_status
valid/images/IMG_2505_JPG.rf.a0aef011e916d7bd3d533b4c97fbf608.jpg,valid/labels/IMG_2505_JPG.rf.a0aef011e916d7bd3d533b4c97fbf608.txt,d4/train/images/IMG_2505_JPG.rf.a0aef011e916d7bd3d533b4c97fbf608.jpg,d4/train/labels/IMG_2505_JPG.rf.a0aef011e916d7bd3d533b4c97fbf608.txt,train,valid/images/IMG_2505_JPG.rf.a0aef011e916d7bd3d533b4c97fbf608.jpg,044f05828c38f1fe97a6e56201d5eb255e624ac465cc58c17ff8335411d59fb8,53,0,,included
valid/images/IMG_0356_JPG.rf.213cc9cd4c34a0f36fda95f597d0abd4.jpg,valid/labels/IMG_0356_JPG.rf.213cc9cd4c34a0f36fda95f597d0abd4.txt,d4/train/images/IMG_0356_JPG.rf.213cc9cd4c34a0f36fda95f597d0abd4.jpg,d4/train/labels/IMG_0356_JPG.rf.213cc9cd4c34a0f36fda95f597d0abd4.txt,train,valid/images/IMG_0356_JPG.rf.213cc9cd4c34a0f36fda95f597d0abd4.jpg,b17cf69a1e1769cd81a3dc24dfad70b3e7aac8224b56e883d2a16087e653ca67,24,0,,included
valid/images/1768802852108_jpg.rf.260c0b4551d58f04ef5b801ad7c181c9.jpg,valid/labels/1768802852108_jpg.rf.260c0b4551d58f04ef5b801ad7c181c9.txt,d4/train/images/1768802852108_jpg.rf.260c0b4551d58f04ef5b801ad7c181c9.jpg,d4/train/labels/1768802852108_jpg.rf.260c0b4551d58f04ef5b801ad7c181c9.txt,train,valid/images/1768802852108_jpg.rf.260c0b4551d58f04ef5b801ad7c181c9.jpg,a9c6319e9914dcadc639b3a0466aa3a803ec77284e37e2f7fed1e1323f558c6c,25,0,,included
valid/images/IMG_2905_JPG.rf.e1ffcbb04ee3581804a0afcdce784912.jpg,valid/labels/IMG_2905_JPG.rf.e1ffcbb04ee3581804a0afcdce784912.txt,d4/train/images/IMG_2905_JPG.rf.e1ffcbb04ee3581804a0afcdce784912.jpg,d4/train/labels/IMG_2905_JPG.rf.e1ffcbb04ee3581804a0afcdce784912.txt,train,valid/images/IMG_2905_JPG.rf.e1ffcbb04ee3581804a0afcdce784912.jpg,16ece84ac6982a0d6a02a8de23c8bbac5f8b008bf2d8de135bf4c00c456db10c,43,0,,included
valid/images/1770709518080_jpg.rf.6447ca2e55f1ac5162ce8af17ad7127e.jpg,valid/labels/1770709518080_jpg.rf.6447ca2e55f1ac5162ce8af17ad7127e.txt,d4/train/images/1770709518080_jpg.rf.6447ca2e55f1ac5162ce8af17ad7127e.jpg,d4/train/labels/1770709518080_jpg.rf.6447ca2e55f1ac5162ce8af17ad7127e.txt,train,valid/images/1770709518080_jpg.rf.6447ca2e55f1ac5162ce8af17ad7127e.jpg,6c2c0df7a3ce102cb5f0e4c2f84c1a84f7a59186061618c6bafc7b3998a0dc08,17,0,,included
valid/images/IMG_20240616_082800_310_jpg.rf.4de0358a77962f2a2553d24defd87e11.jpg,valid/labels/IMG_20240616_082800_310_jpg.rf.4de0358a77962f2a2553d24defd87e11.txt,d4/valid/images/IMG_20240616_082800_310_jpg.rf.4de0358a77962f2a2553d24defd87e11.jpg,d4/valid/labels/IMG_20240616_082800_310_jpg.rf.4de0358a77962f2a2553d24defd87e11.txt,valid,valid/images/IMG_20240616_082800_310_jpg.rf.4de0358a77962f2a2553d24defd87e11.jpg,5c0e52e609772a8bc09b6d09f721c8f6222a3ddeef7e5f583d7744f1f86278a5,26,0,,included
valid/images/1768802717651_jpg.rf.e902634f8cdb6ca07169feb45750f5cc.jpg,valid/labels/1768802717651_jpg.rf.e902634f8cdb6ca07169feb45750f5cc.txt,d4/train/images/1768802717651_jpg.rf.e902634f8cdb6ca07169feb45750f5cc.jpg,d4/train/labels/1768802717651_jpg.rf.e902634f8cdb6ca07169feb45750f5cc.txt,train,valid/images/1768802717651_jpg.rf.e902634f8cdb6ca07169feb45750f5cc.jpg,13beaf3f2aad633cd3e54665ef8aa40f8236a04c131ac6864fd9167aa17adc63,20,0,,included
valid/images/IMG_2633_JPG.rf.4fcfd3ffd5fc10278be75d66ed85ba2e.jpg,valid/labels/IMG_2633_JPG.rf.4fcfd3ffd5fc10278be75d66ed85ba2e.txt,d4/train/images/IMG_2633_JPG.rf.4fcfd3ffd5fc10278be75d66ed85ba2e.jpg,d4/train/labels/IMG_2633_JPG.rf.4fcfd3ffd5fc10278be75d66ed85ba2e.txt,train,valid/images/IMG_2633_JPG.rf.4fcfd3ffd5fc10278be75d66ed85ba2e.jpg,964671816b91e2a0dbdea7c5709219df6cffb5aed1484cdbedd3d189a3190c69,50,0,,included
valid/images/IMG_2263_JPG.rf.dcca184b32c2e69c8d906a7f119819b6.jpg,valid/labels/IMG_2263_JPG.rf.dcca184b32c2e69c8d906a7f119819b6.txt,d4/train/images/IMG_2263_JPG.rf.dcca184b32c2e69c8d906a7f119819b6.jpg,d4/train/labels/IMG_2263_JPG.rf.dcca184b32c2e69c8d906a7f119819b6.txt,train,valid/images/IMG_2263_JPG.rf.dcca184b32c2e69c8d906a7f119819b6.jpg,73f01c38fd91a70c511eeea07bc48a58b7e8e4d30dc0559e8d5d9b296239db48,49,0,,included
valid/images/IMG_2864_JPG.rf.d28ef3c01e2eaaf5c358c3db24b012f2.jpg,valid/labels/IMG_2864_JPG.rf.d28ef3c01e2eaaf5c358c3db24b012f2.txt,d4/train/images/IMG_2864_JPG.rf.d28ef3c01e2eaaf5c358c3db24b012f2.jpg,d4/train/labels/IMG_2864_JPG.rf.d28ef3c01e2eaaf5c358c3db24b012f2.txt,train,valid/images/IMG_2864_JPG.rf.d28ef3c01e2eaaf5c358c3db24b012f2.jpg,bfd65b0d2f55ac732d3babb5216db3e9a87d3917e8a586069bdb7489c651affb,25,0,,included
valid/images/25-2-_jpg.rf.d2eba30d69e6c2234f15a8f07caa1a3c.jpg,valid/labels/25-2-_jpg.rf.d2eba30d69e6c2234f15a8f07caa1a3c.txt,d4/train/images/25-2-_jpg.rf.d2eba30d69e6c2234f15a8f07caa1a3c.jpg,d4/train/labels/25-2-_jpg.rf.d2eba30d69e6c2234f15a8f07caa1a3c.txt,train,valid/images/25-2-_jpg.rf.d2eba30d69e6c2234f15a8f07caa1a3c.jpg,376c638707f68ee45f22a581d2ccfdc7cc5b12e2bf6b2ca69092319eefc24ec6,72,0,,included
valid/images/IMG_2790_JPG.rf.991c14def88d2ae4916fcad8a029b515.jpg,valid/labels/IMG_2790_JPG.rf.991c14def88d2ae4916fcad8a029b515.txt,d4/train/images/IMG_2790_JPG.rf.991c14def88d2ae4916fcad8a029b515.jpg,d4/train/labels/IMG_2790_JPG.rf.991c14def88d2ae4916fcad8a029b515.txt,train,valid/images/IMG_2790_JPG.rf.991c14def88d2ae4916fcad8a029b515.jpg,32ce6bc888b7a70a9c080d23c1911984427fb2aeed80f1c13daf70838a388e33,60,0,,included
valid/images/1769065083652_jpg.rf.67863d5844f5322c6e70c4d9faa9ab72.jpg,valid/labels/1769065083652_jpg.rf.67863d5844f5322c6e70c4d9faa9ab72.txt,d4/train/images/1769065083652_jpg.rf.67863d5844f5322c6e70c4d9faa9ab72.jpg,d4/train/labels/1769065083652_jpg.rf.67863d5844f5322c6e70c4d9faa9ab72.txt,train,valid/images/1769065083652_jpg.rf.67863d5844f5322c6e70c4d9faa9ab72.jpg,834c8c80ed67df5f6bbf691c3734f0f303649fbb08edf3511f463401a69fbc16,25,0,,included
valid/images/IMG_2578_JPG.rf.7d369a4f4f34c9f783c30dc63ffec384.jpg,valid/labels/IMG_2578_JPG.rf.7d369a4f4f34c9f783c30dc63ffec384.txt,d4/valid/images/IMG_2578_JPG.rf.7d369a4f4f34c9f783c30dc63ffec384.jpg,d4/valid/labels/IMG_2578_JPG.rf.7d369a4f4f34c9f783c30dc63ffec384.txt,valid,valid/images/IMG_2578_JPG.rf.7d369a4f4f34c9f783c30dc63ffec384.jpg,6f24d67db83196ac68c2daa85315db5753c0597807075dfad4821aa84c886b0b,49,0,,included
valid/images/1768802717663_jpg.rf.eda9fe2a1324deb286a0a4c504fae25a.jpg,valid/labels/1768802717663_jpg.rf.eda9fe2a1324deb286a0a4c504fae25a.txt,d4/train/images/1768802717663_jpg.rf.eda9fe2a1324deb286a0a4c504fae25a.jpg,d4/train/labels/1768802717663_jpg.rf.eda9fe2a1324deb286a0a4c504fae25a.txt,train,valid/images/1768802717663_jpg.rf.eda9fe2a1324deb286a0a4c504fae25a.jpg,2810c158468f8d04345404028d9968a2485fcdb88526b493e3631b40312b3a95,20,0,,included
valid/images/IMG_3212_JPG.rf.c52e4a2332e6cc847caabae5e65b270f.jpg,valid/labels/IMG_3212_JPG.rf.c52e4a2332e6cc847caabae5e65b270f.txt,d4/train/images/IMG_3212_JPG.rf.c52e4a2332e6cc847caabae5e65b270f.jpg,d4/train/labels/IMG_3212_JPG.rf.c52e4a2332e6cc847caabae5e65b270f.txt,train,valid/images/IMG_3212_JPG.rf.c52e4a2332e6cc847caabae5e65b270f.jpg,b2c4a4b2c5306b0cd7074707c4c658d75f07aa83f8fcbdf87760013fa7fd9ada,39,0,,included
valid/images/1769147479460_jpg.rf.d33f802b08faa2fadde0512d61c71402.jpg,valid/labels/1769147479460_jpg.rf.d33f802b08faa2fadde0512d61c71402.txt,d4/train/images/1769147479460_jpg.rf.d33f802b08faa2fadde0512d61c71402.jpg,d4/train/labels/1769147479460_jpg.rf.d33f802b08faa2fadde0512d61c71402.txt,train,valid/images/1769147479460_jpg.rf.d33f802b08faa2fadde0512d61c71402.jpg,820ef3039816e349978d9e85fbb901025804f8acb30913bbdee83f6c5f846326,30,0,,included
valid/images/-trashed-1744297251-IMG20250228002956-Copy_jpg.rf.41efa50a73170e509914404822d41675.jpg,valid/labels/-trashed-1744297251-IMG20250228002956-Copy_jpg.rf.41efa50a73170e509914404822d41675.txt,d4/train/images/-trashed-1744297251-IMG20250228002956-Copy_jpg.rf.41efa50a73170e509914404822d41675.jpg,d4/train/labels/-trashed-1744297251-IMG20250228002956-Copy_jpg.rf.41efa50a73170e509914404822d41675.txt,train,valid/images/-trashed-1744297251-IMG20250228002956-Copy_jpg.rf.41efa50a73170e509914404822d41675.jpg,3dd7274296d6b597a2eb402b37dcb80796b587b587460e3b6ce4f6448f8d7ff8,35,0,,included
valid/images/1768975598899_jpg.rf.41d5fa5cccb9b9a1d153071ca6a8e232.jpg,valid/labels/1768975598899_jpg.rf.41d5fa5cccb9b9a1d153071ca6a8e232.txt,d4/train/images/1768975598899_jpg.rf.41d5fa5cccb9b9a1d153071ca6a8e232.jpg,d4/train/labels/1768975598899_jpg.rf.41d5fa5cccb9b9a1d153071ca6a8e232.txt,train,valid/images/1768975598899_jpg.rf.41d5fa5cccb9b9a1d153071ca6a8e232.jpg,43cbdf190ef9ee6e96b71f38d6a7d6ba59fc0fd7c2b621c6cfaf342084830101,25,0,,included
valid/images/IMG_2616_JPG.rf.3721d15257e9eb11badaef0a9be42af2.jpg,valid/labels/IMG_2616_JPG.rf.3721d15257e9eb11badaef0a9be42af2.txt,d4/train/images/IMG_2616_JPG.rf.3721d15257e9eb11badaef0a9be42af2.jpg,d4/train/labels/IMG_2616_JPG.rf.3721d15257e9eb11badaef0a9be42af2.txt,train,valid/images/IMG_2616_JPG.rf.3721d15257e9eb11badaef0a9be42af2.jpg,0a9afaff9d74f415f3b6f1a00f0932334fda8b08c2e3be8bf4babc8635c41458,36,0,,included
valid/images/IMG_2884_JPG.rf.0540f3a33af2a3b52db11b94ba42b7fb.jpg,valid/labels/IMG_2884_JPG.rf.0540f3a33af2a3b52db11b94ba42b7fb.txt,d4/train/images/IMG_2884_JPG.rf.0540f3a33af2a3b52db11b94ba42b7fb.jpg,d4/train/labels/IMG_2884_JPG.rf.0540f3a33af2a3b52db11b94ba42b7fb.txt,train,valid/images/IMG_2884_JPG.rf.0540f3a33af2a3b52db11b94ba42b7fb.jpg,92c426cb9df964776b377cb17c25ea82229a9f928c0c32e1d5f3f26c0cdbf4dd,24,0,,included
valid/images/IMG_2619_JPG.rf.12454447f2d4590779f84e3345aeb88a.jpg,valid/labels/IMG_2619_JPG.rf.12454447f2d4590779f84e3345aeb88a.txt,d4/train/images/IMG_2619_JPG.rf.12454447f2d4590779f84e3345aeb88a.jpg,d4/train/labels/IMG_2619_JPG.rf.12454447f2d4590779f84e3345aeb88a.txt,train,valid/images/IMG_2619_JPG.rf.12454447f2d4590779f84e3345aeb88a.jpg,549c861737cc5683cf4d33e554c1e450d84cfd4493e57d42a0b19e5125778a11,36,0,,included
valid/images/1768802852021_jpg.rf.455345f97e442f4dd7464381c7639d0c.jpg,valid/labels/1768802852021_jpg.rf.455345f97e442f4dd7464381c7639d0c.txt,d4/train/images/1768802852021_jpg.rf.455345f97e442f4dd7464381c7639d0c.jpg,d4/train/labels/1768802852021_jpg.rf.455345f97e442f4dd7464381c7639d0c.txt,train,valid/images/1768802852021_jpg.rf.455345f97e442f4dd7464381c7639d0c.jpg,1b65a19cad1436ffdf106f1ed515b0c1342f730df8c3642f36282a178354352d,25,0,,included
valid/images/IMG_3200_JPG.rf.a0d9322bbb83a06026262eaed3d99bdd.jpg,valid/labels/IMG_3200_JPG.rf.a0d9322bbb83a06026262eaed3d99bdd.txt,d4/train/images/IMG_3200_JPG.rf.a0d9322bbb83a06026262eaed3d99bdd.jpg,d4/train/labels/IMG_3200_JPG.rf.a0d9322bbb83a06026262eaed3d99bdd.txt,train,valid/images/IMG_3200_JPG.rf.a0d9322bbb83a06026262eaed3d99bdd.jpg,ec5a9e6a6f64d43f3c129615a548a2eab113330040847f89dd3cf40dab20d215,29,0,,included
valid/images/1772077018938_jpg.rf.b8798414943cded12c346f96e7e4571e.jpg,valid/labels/1772077018938_jpg.rf.b8798414943cded12c346f96e7e4571e.txt,d4/train/images/1772077018938_jpg.rf.b8798414943cded12c346f96e7e4571e.jpg,d4/train/labels/1772077018938_jpg.rf.b8798414943cded12c346f96e7e4571e.txt,train,valid/images/1772077018938_jpg.rf.b8798414943cded12c346f96e7e4571e.jpg,63af53b95cbb5a2f2eada09dc0a0750b09f9549c32bd8072883cf733f9571761,64,0,,included
valid/images/1770879457128_jpg.rf.e90fb4738a08556f3ceb47557dacc23e.jpg,valid/labels/1770879457128_jpg.rf.e90fb4738a08556f3ceb47557dacc23e.txt,d4/valid/images/1770879457128_jpg.rf.e90fb4738a08556f3ceb47557dacc23e.jpg,d4/valid/labels/1770879457128_jpg.rf.e90fb4738a08556f3ceb47557dacc23e.txt,valid,valid/images/1770879457128_jpg.rf.e90fb4738a08556f3ceb47557dacc23e.jpg,695562caf1a038d1e926e0f3c207d925b581bd36ef3b2f69219e25ebe45c3b12,35,0,,included
valid/images/1769238913162_jpg.rf.b5e5c27c194a3e48e07a1afe5b9d2924.jpg,valid/labels/1769238913162_jpg.rf.b5e5c27c194a3e48e07a1afe5b9d2924.txt,d4/train/images/1769238913162_jpg.rf.b5e5c27c194a3e48e07a1afe5b9d2924.jpg,d4/train/labels/1769238913162_jpg.rf.b5e5c27c194a3e48e07a1afe5b9d2924.txt,train,valid/images/1769238913162_jpg.rf.b5e5c27c194a3e48e07a1afe5b9d2924.jpg,f93fda18ec7229ebbf98975ed81f3678dbacbcba132f221b61a375a23c472f80,72,0,,included
valid/images/IMG_0603_JPG.rf.fd703c63d062c78ecdd31b9294bdc018.jpg,valid/labels/IMG_0603_JPG.rf.fd703c63d062c78ecdd31b9294bdc018.txt,d4/train/images/IMG_0603_JPG.rf.fd703c63d062c78ecdd31b9294bdc018.jpg,d4/train/labels/IMG_0603_JPG.rf.fd703c63d062c78ecdd31b9294bdc018.txt,train,valid/images/IMG_0603_JPG.rf.fd703c63d062c78ecdd31b9294bdc018.jpg,a182ec1fd8aa991f721111eb0b88c2f99d511a438b431aa2d0d01d9901847516,48,0,,included
valid/images/-trashed-1744297251-IMG20250228000541-Copy_jpg.rf.004e045e333426c082dcfc2b4c7dda19.jpg,valid/labels/-trashed-1744297251-IMG20250228000541-Copy_jpg.rf.004e045e333426c082dcfc2b4c7dda19.txt,d4/train/images/-trashed-1744297251-IMG20250228000541-Copy_jpg.rf.004e045e333426c082dcfc2b4c7dda19.jpg,d4/train/labels/-trashed-1744297251-IMG20250228000541-Copy_jpg.rf.004e045e333426c082dcfc2b4c7dda19.txt,train,valid/images/-trashed-1744297251-IMG20250228000541-Copy_jpg.rf.004e045e333426c082dcfc2b4c7dda19.jpg,83091a8c743bfc9252ae59c8c9abd48d4c49d78becb9d31dfd8ab79cc201829a,35,0,,included
valid/images/1769238913133_jpg.rf.c2693b6d4e55413427d8b0e2122fd7ce.jpg,valid/labels/1769238913133_jpg.rf.c2693b6d4e55413427d8b0e2122fd7ce.txt,d4/train/images/1769238913133_jpg.rf.c2693b6d4e55413427d8b0e2122fd7ce.jpg,d4/train/labels/1769238913133_jpg.rf.c2693b6d4e55413427d8b0e2122fd7ce.txt,train,valid/images/1769238913133_jpg.rf.c2693b6d4e55413427d8b0e2122fd7ce.jpg,1d65e9734b8a80546b6f9ab91857395fa9796bcaaeb9f2d770c01305340603bc,72,0,,included
valid/images/1770879457197_jpg.rf.4bdfe5cfb914569e60e70f7c1bb0de98.jpg,valid/labels/1770879457197_jpg.rf.4bdfe5cfb914569e60e70f7c1bb0de98.txt,d4/train/images/1770879457197_jpg.rf.4bdfe5cfb914569e60e70f7c1bb0de98.jpg,d4/train/labels/1770879457197_jpg.rf.4bdfe5cfb914569e60e70f7c1bb0de98.txt,train,valid/images/1770879457197_jpg.rf.4bdfe5cfb914569e60e70f7c1bb0de98.jpg,d7670a828cef564ab782bbaeee16aad17447058c238678f2be5e19e27850ca2a,35,0,,included
valid/images/1769410259201_jpg.rf.9711189ab6b13f9ca6ec794ced95ba25.jpg,valid/labels/1769410259201_jpg.rf.9711189ab6b13f9ca6ec794ced95ba25.txt,d4/train/images/1769410259201_jpg.rf.9711189ab6b13f9ca6ec794ced95ba25.jpg,d4/train/labels/1769410259201_jpg.rf.9711189ab6b13f9ca6ec794ced95ba25.txt,train,valid/images/1769410259201_jpg.rf.9711189ab6b13f9ca6ec794ced95ba25.jpg,a9f130f28754197830a7fa5703f5e54273fbdb8cbb962db9cf9fae6e92aede0c,30,0,,included
valid/images/IMG_20240616_083602_448_jpg.rf.74e257bd0100e8fbf9ab02bd66a6b558.jpg,valid/labels/IMG_20240616_083602_448_jpg.rf.74e257bd0100e8fbf9ab02bd66a6b558.txt,d4/valid/images/IMG_20240616_083602_448_jpg.rf.74e257bd0100e8fbf9ab02bd66a6b558.jpg,d4/valid/labels/IMG_20240616_083602_448_jpg.rf.74e257bd0100e8fbf9ab02bd66a6b558.txt,valid,valid/images/IMG_20240616_083602_448_jpg.rf.74e257bd0100e8fbf9ab02bd66a6b558.jpg,2ee2e8b5b263b5951cadbe73286336ad5ce4b08c1adba09c66ab436f3f0fc5c0,26,0,,included
valid/images/1769065083661_jpg.rf.bba7647b47f8577ed551a817d2b02cf1.jpg,valid/labels/1769065083661_jpg.rf.bba7647b47f8577ed551a817d2b02cf1.txt,d4/train/images/1769065083661_jpg.rf.bba7647b47f8577ed551a817d2b02cf1.jpg,d4/train/labels/1769065083661_jpg.rf.bba7647b47f8577ed551a817d2b02cf1.txt,train,valid/images/1769065083661_jpg.rf.bba7647b47f8577ed551a817d2b02cf1.jpg,f5c4cd9bc68e6f4635c93c081782f78ca6922e8db495d5b6100ecd0341f43464,25,0,,included
valid/images/DSC02117_JPG.rf.d334617c158ded654de724424f4c27e5.jpg,valid/labels/DSC02117_JPG.rf.d334617c158ded654de724424f4c27e5.txt,d4/train/images/DSC02117_JPG.rf.d334617c158ded654de724424f4c27e5.jpg,d4/train/labels/DSC02117_JPG.rf.d334617c158ded654de724424f4c27e5.txt,train,valid/images/DSC02117_JPG.rf.d334617c158ded654de724424f4c27e5.jpg,0c0faef02c534d9a38ccb9fac0c2e47c7418d653ccc16935720f0f426ef2b28a,44,0,,included
valid/images/DSC00065_JPG.rf.76d1f8d3d0de57fbefb641dc95118bfa.jpg,valid/labels/DSC00065_JPG.rf.76d1f8d3d0de57fbefb641dc95118bfa.txt,d4/valid/images/DSC00065_JPG.rf.76d1f8d3d0de57fbefb641dc95118bfa.jpg,d4/valid/labels/DSC00065_JPG.rf.76d1f8d3d0de57fbefb641dc95118bfa.txt,valid,valid/images/DSC00065_JPG.rf.76d1f8d3d0de57fbefb641dc95118bfa.jpg,64f8f9a3550f4b260322bcae2b4602bf52aa7cbb701aac166e4919bb3b9b89e8,35,0,,included
valid/images/IMG_2678_JPG.rf.08bcc151266bb639d5d78aab4a883df8.jpg,valid/labels/IMG_2678_JPG.rf.08bcc151266bb639d5d78aab4a883df8.txt,d4/train/images/IMG_2678_JPG.rf.08bcc151266bb639d5d78aab4a883df8.jpg,d4/train/labels/IMG_2678_JPG.rf.08bcc151266bb639d5d78aab4a883df8.txt,train,valid/images/IMG_2678_JPG.rf.08bcc151266bb639d5d78aab4a883df8.jpg,77003dee0fe07db4fe819614f324b1b0ed653e87c115e3db7aac0c43e91874b8,58,0,,included
valid/images/32_jpg.rf.65270a299a8339fe31b14d3d502fc79a.jpg,valid/labels/32_jpg.rf.65270a299a8339fe31b14d3d502fc79a.txt,d4/train/images/32_jpg.rf.65270a299a8339fe31b14d3d502fc79a.jpg,d4/train/labels/32_jpg.rf.65270a299a8339fe31b14d3d502fc79a.txt,train,valid/images/32_jpg.rf.65270a299a8339fe31b14d3d502fc79a.jpg,3cc6fd60377840ea98cad4ab75918a69a5e6580219e068c994d15e3d3ddff163,78,0,,included
valid/images/IMG_0525_JPG.rf.803b456fea3675253d333db4fb2b128e.jpg,valid/labels/IMG_0525_JPG.rf.803b456fea3675253d333db4fb2b128e.txt,d4/train/images/IMG_0525_JPG.rf.803b456fea3675253d333db4fb2b128e.jpg,d4/train/labels/IMG_0525_JPG.rf.803b456fea3675253d333db4fb2b128e.txt,train,valid/images/IMG_0525_JPG.rf.803b456fea3675253d333db4fb2b128e.jpg,b14a1dc67d4d7593a5e8b65249f11dff85af1574ab2266c6fe443cce12a5ae63,30,0,,included
valid/images/1769147229762_jpg.rf.4371b5214e5f238e00328d69c84ee39c.jpg,valid/labels/1769147229762_jpg.rf.4371b5214e5f238e00328d69c84ee39c.txt,d4/train/images/1769147229762_jpg.rf.4371b5214e5f238e00328d69c84ee39c.jpg,d4/train/labels/1769147229762_jpg.rf.4371b5214e5f238e00328d69c84ee39c.txt,train,valid/images/1769147229762_jpg.rf.4371b5214e5f238e00328d69c84ee39c.jpg,cde5824a6100203479948c12234bdf8f58267447a61fc72966236c85aea45d3d,26,0,,included
valid/images/IMG_2452_JPG.rf.7466614e21765febb45bc8c395b81013.jpg,valid/labels/IMG_2452_JPG.rf.7466614e21765febb45bc8c395b81013.txt,d4/valid/images/IMG_2452_JPG.rf.7466614e21765febb45bc8c395b81013.jpg,d4/valid/labels/IMG_2452_JPG.rf.7466614e21765febb45bc8c395b81013.txt,valid,valid/images/IMG_2452_JPG.rf.7466614e21765febb45bc8c395b81013.jpg,443147faee393479ffa7040d636946acb7714c29d1b5481bf364aa00b4f50505,47,0,,included
valid/images/1769147070999_jpg.rf.e5708c28c35022518b759b409a64206c.jpg,valid/labels/1769147070999_jpg.rf.e5708c28c35022518b759b409a64206c.txt,d4/train/images/1769147070999_jpg.rf.e5708c28c35022518b759b409a64206c.jpg,d4/train/labels/1769147070999_jpg.rf.e5708c28c35022518b759b409a64206c.txt,train,valid/images/1769147070999_jpg.rf.e5708c28c35022518b759b409a64206c.jpg,9e8272153eec4259dfae644c22ccb4843175488234e9cecca89afa1651ea6e88,35,0,,included
valid/images/IMG_2602_JPG.rf.186ff57974823c3c33d9a4a1a20d7000.jpg,valid/labels/IMG_2602_JPG.rf.186ff57974823c3c33d9a4a1a20d7000.txt,d4/train/images/IMG_2602_JPG.rf.186ff57974823c3c33d9a4a1a20d7000.jpg,d4/train/labels/IMG_2602_JPG.rf.186ff57974823c3c33d9a4a1a20d7000.txt,train,valid/images/IMG_2602_JPG.rf.186ff57974823c3c33d9a4a1a20d7000.jpg,69dc1bc9fd04205dfb12049ca27627c8e1ce72ae16fabb3fd85dd043db0e5fd0,80,0,,included
valid/images/DSC00364_JPG.rf.a99d00d59b3722cd2fac2b8d6716eda6.jpg,valid/labels/DSC00364_JPG.rf.a99d00d59b3722cd2fac2b8d6716eda6.txt,d4/train/images/DSC00364_JPG.rf.a99d00d59b3722cd2fac2b8d6716eda6.jpg,d4/train/labels/DSC00364_JPG.rf.a99d00d59b3722cd2fac2b8d6716eda6.txt,train,valid/images/DSC00364_JPG.rf.a99d00d59b3722cd2fac2b8d6716eda6.jpg,5c2455f914743764a216cdfc96b37d12aa8c12cdaa676a7603421ab828d2e8c0,44,0,,included
valid/images/18_jpg.rf.e0f887b23e682982df72f565656af44e.jpg,valid/labels/18_jpg.rf.e0f887b23e682982df72f565656af44e.txt,d4/train/images/18_jpg.rf.e0f887b23e682982df72f565656af44e.jpg,d4/train/labels/18_jpg.rf.e0f887b23e682982df72f565656af44e.txt,train,valid/images/18_jpg.rf.e0f887b23e682982df72f565656af44e.jpg,7466f514de3d3ff50ea63d62a10e0e5cf5cd304972b6cf2abcce9f329abdfd6c,60,0,,included
valid/images/IMG_0483_JPG.rf.75bc881d32e00e0364d3fa1bd843efe8.jpg,valid/labels/IMG_0483_JPG.rf.75bc881d32e00e0364d3fa1bd843efe8.txt,d4/valid/images/IMG_0483_JPG.rf.75bc881d32e00e0364d3fa1bd843efe8.jpg,d4/valid/labels/IMG_0483_JPG.rf.75bc881d32e00e0364d3fa1bd843efe8.txt,valid,valid/images/IMG_0483_JPG.rf.75bc881d32e00e0364d3fa1bd843efe8.jpg,8a8d2bd735d56ab6c75e4c276880ce4b51f3a2f67e3189177e6ba148f913cd70,20,0,,included
valid/images/IMG_2228_JPG.rf.11af2df101ecd764411022b09a86864f.jpg,valid/labels/IMG_2228_JPG.rf.11af2df101ecd764411022b09a86864f.txt,d4/valid/images/IMG_2228_JPG.rf.11af2df101ecd764411022b09a86864f.jpg,d4/valid/labels/IMG_2228_JPG.rf.11af2df101ecd764411022b09a86864f.txt,valid,valid/images/IMG_2228_JPG.rf.11af2df101ecd764411022b09a86864f.jpg,cdb284a0ed2e633d672ad64e4d5fd873783215804899d0e290308d1b86dc3763,54,0,,included
valid/images/IMG_2766_JPG.rf.99d334f543c4be4c81d1a1453a163e86.jpg,valid/labels/IMG_2766_JPG.rf.99d334f543c4be4c81d1a1453a163e86.txt,d4/train/images/IMG_2766_JPG.rf.99d334f543c4be4c81d1a1453a163e86.jpg,d4/train/labels/IMG_2766_JPG.rf.99d334f543c4be4c81d1a1453a163e86.txt,train,valid/images/IMG_2766_JPG.rf.99d334f543c4be4c81d1a1453a163e86.jpg,bdbcb7067895b62026db6eefab979dcbeb0818e173d4e324043a0242b75720d1,35,0,,included
valid/images/1768975738153_jpg.rf.0c473999e44d9b558e1d38a7d8e02d18.jpg,valid/labels/1768975738153_jpg.rf.0c473999e44d9b558e1d38a7d8e02d18.txt,d4/train/images/1768975738153_jpg.rf.0c473999e44d9b558e1d38a7d8e02d18.jpg,d4/train/labels/1768975738153_jpg.rf.0c473999e44d9b558e1d38a7d8e02d18.txt,train,valid/images/1768975738153_jpg.rf.0c473999e44d9b558e1d38a7d8e02d18.jpg,df3fc87ea084aea6e30be6b41b699176f0409a2945939ddf94213591e0c035c5,25,0,,included
valid/images/26-2-_jpg.rf.cdc4ef5582d8e78fe2bd806ef9d4cfb6.jpg,valid/labels/26-2-_jpg.rf.cdc4ef5582d8e78fe2bd806ef9d4cfb6.txt,d4/train/images/26-2-_jpg.rf.cdc4ef5582d8e78fe2bd806ef9d4cfb6.jpg,d4/train/labels/26-2-_jpg.rf.cdc4ef5582d8e78fe2bd806ef9d4cfb6.txt,train,valid/images/26-2-_jpg.rf.cdc4ef5582d8e78fe2bd806ef9d4cfb6.jpg,f8b685b9ed586bd10bd0b2066a54ac50b6dc2e0f0806f17d1c8fe095fe6e1615,63,0,,included
valid/images/IMG_0628_JPG.rf.4ffce6977c982ea7f09e869424017e0a.jpg,valid/labels/IMG_0628_JPG.rf.4ffce6977c982ea7f09e869424017e0a.txt,d4/train/images/IMG_0628_JPG.rf.4ffce6977c982ea7f09e869424017e0a.jpg,d4/train/labels/IMG_0628_JPG.rf.4ffce6977c982ea7f09e869424017e0a.txt,train,valid/images/IMG_0628_JPG.rf.4ffce6977c982ea7f09e869424017e0a.jpg,afda6dd2c8a40db35452274d3bf336953a099eb79d941425d61e530b1aba792e,30,0,,included
valid/images/DSC00165_JPG.rf.4b24c02791dee86da6d1d54a2b86b624.jpg,valid/labels/DSC00165_JPG.rf.4b24c02791dee86da6d1d54a2b86b624.txt,d4/train/images/DSC00165_JPG.rf.4b24c02791dee86da6d1d54a2b86b624.jpg,d4/train/labels/DSC00165_JPG.rf.4b24c02791dee86da6d1d54a2b86b624.txt,train,valid/images/DSC00165_JPG.rf.4b24c02791dee86da6d1d54a2b86b624.jpg,8203feaa1481ed5b8ebb4d87f4db63557d5ff8803b0b535aed23308be1a23368,169,0,,included
valid/images/1769410259186_jpg.rf.6a1c12ad378994fced0c171d8f615d67.jpg,valid/labels/1769410259186_jpg.rf.6a1c12ad378994fced0c171d8f615d67.txt,d4/train/images/1769410259186_jpg.rf.6a1c12ad378994fced0c171d8f615d67.jpg,d4/train/labels/1769410259186_jpg.rf.6a1c12ad378994fced0c171d8f615d67.txt,train,valid/images/1769410259186_jpg.rf.6a1c12ad378994fced0c171d8f615d67.jpg,43ef3bc5fa9c9b3598b50655ad9b342e11f9eafab43b38337e8e0f1cd40241a8,30,0,,included
valid/images/DSC00477_JPG.rf.44ccc9697c13d99fe5723ed99af37d2a.jpg,valid/labels/DSC00477_JPG.rf.44ccc9697c13d99fe5723ed99af37d2a.txt,d4/train/images/DSC00477_JPG.rf.44ccc9697c13d99fe5723ed99af37d2a.jpg,d4/train/labels/DSC00477_JPG.rf.44ccc9697c13d99fe5723ed99af37d2a.txt,train,valid/images/DSC00477_JPG.rf.44ccc9697c13d99fe5723ed99af37d2a.jpg,f750701c57ef4d0d9a59080c2aa7b57190ec358fe86ae9aabfbe3ebca930592e,52,0,,included
valid/images/IMG_2715_JPG.rf.4e66e3b72e255de0e547fb3a3d3fe8cd.jpg,valid/labels/IMG_2715_JPG.rf.4e66e3b72e255de0e547fb3a3d3fe8cd.txt,d4/train/images/IMG_2715_JPG.rf.4e66e3b72e255de0e547fb3a3d3fe8cd.jpg,d4/train/labels/IMG_2715_JPG.rf.4e66e3b72e255de0e547fb3a3d3fe8cd.txt,train,valid/images/IMG_2715_JPG.rf.4e66e3b72e255de0e547fb3a3d3fe8cd.jpg,735206df5449d7e2cc9f2accd4641f38fe46c56f0c6c198e8c4f757079023c28,30,0,,included
valid/images/IMG_2558_JPG.rf.994fad2e463e163b4e6cde5587b34dff.jpg,valid/labels/IMG_2558_JPG.rf.994fad2e463e163b4e6cde5587b34dff.txt,d4/train/images/IMG_2558_JPG.rf.994fad2e463e163b4e6cde5587b34dff.jpg,d4/train/labels/IMG_2558_JPG.rf.994fad2e463e163b4e6cde5587b34dff.txt,train,valid/images/IMG_2558_JPG.rf.994fad2e463e163b4e6cde5587b34dff.jpg,81fed2e0b414c482bb3f64ead1df43732999cfefd34d81b5f39ee2f489e41d9a,20,0,,included
valid/images/10_jpg.rf.94c2570e1ad393dd0aef6c199e8ab790.jpg,valid/labels/10_jpg.rf.94c2570e1ad393dd0aef6c199e8ab790.txt,d4/train/images/10_jpg.rf.94c2570e1ad393dd0aef6c199e8ab790.jpg,d4/train/labels/10_jpg.rf.94c2570e1ad393dd0aef6c199e8ab790.txt,train,valid/images/10_jpg.rf.94c2570e1ad393dd0aef6c199e8ab790.jpg,956f2556fa6b4125514e934e288631981cf36fa83706760d7969c4695d666960,60,0,,included
valid/images/IMG_3025_JPG.rf.0629aff29e7d05b9dc6586a18d104139.jpg,valid/labels/IMG_3025_JPG.rf.0629aff29e7d05b9dc6586a18d104139.txt,d4/train/images/IMG_3025_JPG.rf.0629aff29e7d05b9dc6586a18d104139.jpg,d4/train/labels/IMG_3025_JPG.rf.0629aff29e7d05b9dc6586a18d104139.txt,train,valid/images/IMG_3025_JPG.rf.0629aff29e7d05b9dc6586a18d104139.jpg,c460989c5c0e41918fe3116bc415c9aa5102403900a62c11239515a86e1c9390,28,0,,included
valid/images/IMG_0578_JPG.rf.32616a5996593144ea7a57b152641e98.jpg,valid/labels/IMG_0578_JPG.rf.32616a5996593144ea7a57b152641e98.txt,d4/train/images/IMG_0578_JPG.rf.32616a5996593144ea7a57b152641e98.jpg,d4/train/labels/IMG_0578_JPG.rf.32616a5996593144ea7a57b152641e98.txt,train,valid/images/IMG_0578_JPG.rf.32616a5996593144ea7a57b152641e98.jpg,20006b52ae2f7606abe369456aaa054edd5b2908a683531cf2cfb469948e5ba3,35,0,,included
valid/images/IMG_2601_JPG.rf.4d9708ab42986d5c9355059224f097fc.jpg,valid/labels/IMG_2601_JPG.rf.4d9708ab42986d5c9355059224f097fc.txt,d4/train/images/IMG_2601_JPG.rf.4d9708ab42986d5c9355059224f097fc.jpg,d4/train/labels/IMG_2601_JPG.rf.4d9708ab42986d5c9355059224f097fc.txt,train,valid/images/IMG_2601_JPG.rf.4d9708ab42986d5c9355059224f097fc.jpg,b651b64b6f1bc65cd6fdf4f5d4ab78880cc4757023599f4c453b00bf60563786,80,0,,included
valid/images/1769410259216_jpg.rf.955f46fbd3645fe463e1971ee3d92a4a.jpg,valid/labels/1769410259216_jpg.rf.955f46fbd3645fe463e1971ee3d92a4a.txt,d4/train/images/1769410259216_jpg.rf.955f46fbd3645fe463e1971ee3d92a4a.jpg,d4/train/labels/1769410259216_jpg.rf.955f46fbd3645fe463e1971ee3d92a4a.txt,train,valid/images/1769410259216_jpg.rf.955f46fbd3645fe463e1971ee3d92a4a.jpg,1e5d0d61d40ecd2d4ed715a66913338872a9ad6be1b2992c7c5b53d6a638c38d,30,0,,included
valid/images/8_jpg.rf.0074bb9287d8d56f2153b2e6ea29f696.jpg,valid/labels/8_jpg.rf.0074bb9287d8d56f2153b2e6ea29f696.txt,d4/train/images/8_jpg.rf.0074bb9287d8d56f2153b2e6ea29f696.jpg,d4/train/labels/8_jpg.rf.0074bb9287d8d56f2153b2e6ea29f696.txt,train,valid/images/8_jpg.rf.0074bb9287d8d56f2153b2e6ea29f696.jpg,3aa46631ac8a0633e4f042f501dda92b500d09d9575192df4df14e42ba0e8a8a,60,0,,included
valid/images/IMG_3144_JPG.rf.5e7dacb9d5cff295009dc3bae6de0a4d.jpg,valid/labels/IMG_3144_JPG.rf.5e7dacb9d5cff295009dc3bae6de0a4d.txt,d4/train/images/IMG_3144_JPG.rf.5e7dacb9d5cff295009dc3bae6de0a4d.jpg,d4/train/labels/IMG_3144_JPG.rf.5e7dacb9d5cff295009dc3bae6de0a4d.txt,train,valid/images/IMG_3144_JPG.rf.5e7dacb9d5cff295009dc3bae6de0a4d.jpg,fb2149e50ea40c038b650b6fe2800da9b15c98ac0819732219cf185ab0d4afe4,48,0,,included
valid/images/12-2-_jpg.rf.5006cd7f677ae838361f4a297e7c1252.jpg,valid/labels/12-2-_jpg.rf.5006cd7f677ae838361f4a297e7c1252.txt,d4/valid/images/12-2-_jpg.rf.5006cd7f677ae838361f4a297e7c1252.jpg,d4/valid/labels/12-2-_jpg.rf.5006cd7f677ae838361f4a297e7c1252.txt,valid,valid/images/12-2-_jpg.rf.5006cd7f677ae838361f4a297e7c1252.jpg,03274011eb19ff3819e11ef3b08673ed4b99fbd5d9ecc9c3216b0f418dc6d442,26,0,,included
valid/images/IMG_3167_JPG.rf.5f7d86f886adee4476573bdc52713529.jpg,valid/labels/IMG_3167_JPG.rf.5f7d86f886adee4476573bdc52713529.txt,d4/test/images/IMG_3167_JPG.rf.5f7d86f886adee4476573bdc52713529.jpg,d4/test/labels/IMG_3167_JPG.rf.5f7d86f886adee4476573bdc52713529.txt,test,valid/images/IMG_3167_JPG.rf.5f7d86f886adee4476573bdc52713529.jpg,acc97592c7a82ca6430eeb925999c756abdf2be26d5054f95f9cfdb8a4b214a7,20,0,,included
valid/images/1769147229738_jpg.rf.7271fed2b62fb9dc989b27d120bfa8e2.jpg,valid/labels/1769147229738_jpg.rf.7271fed2b62fb9dc989b27d120bfa8e2.txt,d4/train/images/1769147229738_jpg.rf.7271fed2b62fb9dc989b27d120bfa8e2.jpg,d4/train/labels/1769147229738_jpg.rf.7271fed2b62fb9dc989b27d120bfa8e2.txt,train,valid/images/1769147229738_jpg.rf.7271fed2b62fb9dc989b27d120bfa8e2.jpg,71dc8c0cc2e0eeaf43a0def466ba106cde5f744b796706f76907bf638170ff30,26,0,,included
valid/images/A32_jpg.rf.6588f2eae1ad49cef0cb32550ef2bfd9.jpg,valid/labels/A32_jpg.rf.6588f2eae1ad49cef0cb32550ef2bfd9.txt,d4/train/images/A32_jpg.rf.6588f2eae1ad49cef0cb32550ef2bfd9.jpg,d4/train/labels/A32_jpg.rf.6588f2eae1ad49cef0cb32550ef2bfd9.txt,train,valid/images/A32_jpg.rf.6588f2eae1ad49cef0cb32550ef2bfd9.jpg,4d335ae724c5bf8792a1824eba8ec532849fb5ea295c18d441984821e09c7224,73,0,,included
valid/images/IMG_2992_JPG.rf.92fb4aa59e97eacd5074acbb75daee0b.jpg,valid/labels/IMG_2992_JPG.rf.92fb4aa59e97eacd5074acbb75daee0b.txt,d4/train/images/IMG_2992_JPG.rf.92fb4aa59e97eacd5074acbb75daee0b.jpg,d4/train/labels/IMG_2992_JPG.rf.92fb4aa59e97eacd5074acbb75daee0b.txt,train,valid/images/IMG_2992_JPG.rf.92fb4aa59e97eacd5074acbb75daee0b.jpg,47d7da6dde63792dbd9b21aca19723a603cc4a2891622cf682e2da74970b0235,47,0,,included
valid/images/4_jpg.rf.df0e3364a32d4fe54dfaa858237db37f.jpg,valid/labels/4_jpg.rf.df0e3364a32d4fe54dfaa858237db37f.txt,d4/train/images/4_jpg.rf.df0e3364a32d4fe54dfaa858237db37f.jpg,d4/train/labels/4_jpg.rf.df0e3364a32d4fe54dfaa858237db37f.txt,train,valid/images/4_jpg.rf.df0e3364a32d4fe54dfaa858237db37f.jpg,3bdda286d2800cc6a04859f3eed4e6e341fc6dbe38dc29e2963bc3165c1fae8f,35,0,,included
valid/images/20_jpg.rf.2f90b9f976494d705e3a2cf5fa3e177a.jpg,valid/labels/20_jpg.rf.2f90b9f976494d705e3a2cf5fa3e177a.txt,d4/train/images/20_jpg.rf.2f90b9f976494d705e3a2cf5fa3e177a.jpg,d4/train/labels/20_jpg.rf.2f90b9f976494d705e3a2cf5fa3e177a.txt,train,valid/images/20_jpg.rf.2f90b9f976494d705e3a2cf5fa3e177a.jpg,1b867e24a742145ccbf277b2d96f6e566dd66ef7c4eaf83dcc602fb047fb76b6,60,0,,included
valid/images/IMG_3017_JPG.rf.fd4b33ec542932b9b4135aff44515a5a.jpg,valid/labels/IMG_3017_JPG.rf.fd4b33ec542932b9b4135aff44515a5a.txt,d4/train/images/IMG_3017_JPG.rf.fd4b33ec542932b9b4135aff44515a5a.jpg,d4/train/labels/IMG_3017_JPG.rf.fd4b33ec542932b9b4135aff44515a5a.txt,train,valid/images/IMG_3017_JPG.rf.fd4b33ec542932b9b4135aff44515a5a.jpg,46016be3de0328a5a69a46b8cc87eccaee363de325340feec37164220a6603ac,24,0,,included
valid/images/IMG_2858_JPG.rf.5e769ad2b7f66c56e471a801c5769db0.jpg,valid/labels/IMG_2858_JPG.rf.5e769ad2b7f66c56e471a801c5769db0.txt,d4/train/images/IMG_2858_JPG.rf.5e769ad2b7f66c56e471a801c5769db0.jpg,d4/train/labels/IMG_2858_JPG.rf.5e769ad2b7f66c56e471a801c5769db0.txt,train,valid/images/IMG_2858_JPG.rf.5e769ad2b7f66c56e471a801c5769db0.jpg,8d6c1d4fe6428c0286393952cf220534feca41193d589f91b01ab49a2401f868,25,0,,included
valid/images/IMG_2264_JPG.rf.16820c6cbd84e962b34525c4f20a742b.jpg,valid/labels/IMG_2264_JPG.rf.16820c6cbd84e962b34525c4f20a742b.txt,d4/train/images/IMG_2264_JPG.rf.16820c6cbd84e962b34525c4f20a742b.jpg,d4/train/labels/IMG_2264_JPG.rf.16820c6cbd84e962b34525c4f20a742b.txt,train,valid/images/IMG_2264_JPG.rf.16820c6cbd84e962b34525c4f20a742b.jpg,d0732f6b6ca455e9b569c00017a6ea989139d4b8b8fbcf6d3a2c759c6fc60426,49,0,,included
valid/images/5-_jpg.rf.ecdb26d5489a8e51c3e70b9d1207b903.jpg,valid/labels/5-_jpg.rf.ecdb26d5489a8e51c3e70b9d1207b903.txt,d4/train/images/5-_jpg.rf.ecdb26d5489a8e51c3e70b9d1207b903.jpg,d4/train/labels/5-_jpg.rf.ecdb26d5489a8e51c3e70b9d1207b903.txt,train,valid/images/5-_jpg.rf.ecdb26d5489a8e51c3e70b9d1207b903.jpg,869929d4cd156580c37c1eebeb6377ca32bcf144f720f55e53fef53e1a04be35,35,0,,included
valid/images/IMG_0534_JPG.rf.5fff9dc16276fadac3895adf7c34ee00.jpg,valid/labels/IMG_0534_JPG.rf.5fff9dc16276fadac3895adf7c34ee00.txt,d4/train/images/IMG_0534_JPG.rf.5fff9dc16276fadac3895adf7c34ee00.jpg,d4/train/labels/IMG_0534_JPG.rf.5fff9dc16276fadac3895adf7c34ee00.txt,train,valid/images/IMG_0534_JPG.rf.5fff9dc16276fadac3895adf7c34ee00.jpg,4a4e0a2788131e6a0bd95c75e553baf19eb80d2a3743ba38994acdb766265b41,30,0,,included
valid/images/A09_jpg.rf.f9557a62860c175ec69f279af6ad30a9.jpg,valid/labels/A09_jpg.rf.f9557a62860c175ec69f279af6ad30a9.txt,d4/train/images/A09_jpg.rf.f9557a62860c175ec69f279af6ad30a9.jpg,d4/train/labels/A09_jpg.rf.f9557a62860c175ec69f279af6ad30a9.txt,train,valid/images/A09_jpg.rf.f9557a62860c175ec69f279af6ad30a9.jpg,043ebef4007558378867396da08c841dda3be73dc3cba526cf04e0139c2557b8,30,0,,included
valid/images/1768802717645_jpg.rf.94131406fb08845d2b8b8bee114c0103.jpg,valid/labels/1768802717645_jpg.rf.94131406fb08845d2b8b8bee114c0103.txt,d4/train/images/1768802717645_jpg.rf.94131406fb08845d2b8b8bee114c0103.jpg,d4/train/labels/1768802717645_jpg.rf.94131406fb08845d2b8b8bee114c0103.txt,train,valid/images/1768802717645_jpg.rf.94131406fb08845d2b8b8bee114c0103.jpg,858c2daf057ab6e04c875a4913567790ccfe8d954ff953a72cef2db8664d7d21,20,0,,included
valid/images/1770879457170_jpg.rf.7b09a967fd98036b8b90f3a3b630d838.jpg,valid/labels/1770879457170_jpg.rf.7b09a967fd98036b8b90f3a3b630d838.txt,d4/train/images/1770879457170_jpg.rf.7b09a967fd98036b8b90f3a3b630d838.jpg,d4/train/labels/1770879457170_jpg.rf.7b09a967fd98036b8b90f3a3b630d838.txt,train,valid/images/1770879457170_jpg.rf.7b09a967fd98036b8b90f3a3b630d838.jpg,c46b62bffffeddff89024d741a303c9409bd5c642c59d36e51161d63c2b69289,35,0,,included
valid/images/16_jpg.rf.f4994ba3795892c842381384101eee40.jpg,valid/labels/16_jpg.rf.f4994ba3795892c842381384101eee40.txt,d4/train/images/16_jpg.rf.f4994ba3795892c842381384101eee40.jpg,d4/train/labels/16_jpg.rf.f4994ba3795892c842381384101eee40.txt,train,valid/images/16_jpg.rf.f4994ba3795892c842381384101eee40.jpg,70ca35110c357bc259d994520851e446a3cdf640ab629ec709a22414c67cc67d,60,0,,included
train/images/IMG_0671_JPG.rf.c1d57e06302396d5aeda175148922f0c.jpg,train/labels/IMG_0671_JPG.rf.c1d57e06302396d5aeda175148922f0c.txt,d4/valid/images/IMG_0671_JPG.rf.c1d57e06302396d5aeda175148922f0c.jpg,d4/valid/labels/IMG_0671_JPG.rf.c1d57e06302396d5aeda175148922f0c.txt,valid,train/images/IMG_0671_JPG.rf.c1d57e06302396d5aeda175148922f0c.jpg,68038520ffefe8079ec0ae58b770490822a85f6324bdbcbbca0ae002fad7e3c9,101,0,,included
train/images/IMG_2626_JPG.rf.f5ec940564b4c94ca457526c33a221c3.jpg,train/labels/IMG_2626_JPG.rf.f5ec940564b4c94ca457526c33a221c3.txt,d4/train/images/IMG_2626_JPG.rf.f5ec940564b4c94ca457526c33a221c3.jpg,d4/train/labels/IMG_2626_JPG.rf.f5ec940564b4c94ca457526c33a221c3.txt,train,train/images/IMG_2626_JPG.rf.f5ec940564b4c94ca457526c33a221c3.jpg,64e2659611c1f5b10b719b33d3984a5685a565114de716e8294f24810204f34d,25,0,,included
train/images/IMG_3068_JPG.rf.d5302f9443888b51f4bc4ffbb701d4da.jpg,train/labels/IMG_3068_JPG.rf.d5302f9443888b51f4bc4ffbb701d4da.txt,d4/valid/images/IMG_3068_JPG.rf.d5302f9443888b51f4bc4ffbb701d4da.jpg,d4/valid/labels/IMG_3068_JPG.rf.d5302f9443888b51f4bc4ffbb701d4da.txt,valid,train/images/IMG_3068_JPG.rf.d5302f9443888b51f4bc4ffbb701d4da.jpg,b6f1825decc4d6537f8c38cb9e7b8cd9a23b0c6127195310754a329863ef30f3,35,0,,included
train/images/1769065031129_jpg.rf.0f67980dfeec35bc224d41bcf0a02a48.jpg,train/labels/1769065031129_jpg.rf.0f67980dfeec35bc224d41bcf0a02a48.txt,d4/valid/images/1769065031129_jpg.rf.0f67980dfeec35bc224d41bcf0a02a48.jpg,d4/valid/labels/1769065031129_jpg.rf.0f67980dfeec35bc224d41bcf0a02a48.txt,valid,train/images/1769065031129_jpg.rf.0f67980dfeec35bc224d41bcf0a02a48.jpg,c2213730b7cf4b083a6d8b531dd3255e188a0e1fb5ca2d01ebaa59c55dcaf8ca,20,0,,included
train/images/IMG_2646_JPG.rf.ba1612cc0030418c0ee08830f7dcbb86.jpg,train/labels/IMG_2646_JPG.rf.ba1612cc0030418c0ee08830f7dcbb86.txt,d4/valid/images/IMG_2646_JPG.rf.ba1612cc0030418c0ee08830f7dcbb86.jpg,d4/valid/labels/IMG_2646_JPG.rf.ba1612cc0030418c0ee08830f7dcbb86.txt,valid,train/images/IMG_2646_JPG.rf.ba1612cc0030418c0ee08830f7dcbb86.jpg,9964d85d518ad9458469375c12036971b15ee8632a85a22f378b76a1dd421cb0,41,0,,included
train/images/IMG_2267_JPG.rf.fe74baadeb70298d92fb7b5db68f95ce.jpg,train/labels/IMG_2267_JPG.rf.fe74baadeb70298d92fb7b5db68f95ce.txt,d4/train/images/IMG_2267_JPG.rf.fe74baadeb70298d92fb7b5db68f95ce.jpg,d4/train/labels/IMG_2267_JPG.rf.fe74baadeb70298d92fb7b5db68f95ce.txt,train,train/images/IMG_2267_JPG.rf.fe74baadeb70298d92fb7b5db68f95ce.jpg,39d6adf9e089c48c2e9fc8b27ff80d602fb46b75c496db21b7967642e22ed587,50,0,,included
train/images/DSC00473_JPG.rf.98fc97cfa127ddc5b34e75dce49d772e.jpg,train/labels/DSC00473_JPG.rf.98fc97cfa127ddc5b34e75dce49d772e.txt,d4/train/images/DSC00473_JPG.rf.98fc97cfa127ddc5b34e75dce49d772e.jpg,d4/train/labels/DSC00473_JPG.rf.98fc97cfa127ddc5b34e75dce49d772e.txt,train,train/images/DSC00473_JPG.rf.98fc97cfa127ddc5b34e75dce49d772e.jpg,5bfbe7a7d3a0c16b77c84fe000de1dbc12287a5249a23c8bc92a24304df6a2ae,80,0,,included
train/images/1769147479340_jpg.rf.0026057b53711d9034a8e1882ed0e207.jpg,train/labels/1769147479340_jpg.rf.0026057b53711d9034a8e1882ed0e207.txt,d4/train/images/1769147479340_jpg.rf.0026057b53711d9034a8e1882ed0e207.jpg,d4/train/labels/1769147479340_jpg.rf.0026057b53711d9034a8e1882ed0e207.txt,train,train/images/1769147479340_jpg.rf.0026057b53711d9034a8e1882ed0e207.jpg,9174cf372c173a6db158e744b9278c6badac4f99b069a28c63fc5c2d725e50a3,29,0,,included
train/images/IMG_2902_JPG.rf.34175d38aeeb2dfc9972c37c269eeaf2.jpg,train/labels/IMG_2902_JPG.rf.34175d38aeeb2dfc9972c37c269eeaf2.txt,d4/train/images/IMG_2902_JPG.rf.34175d38aeeb2dfc9972c37c269eeaf2.jpg,d4/train/labels/IMG_2902_JPG.rf.34175d38aeeb2dfc9972c37c269eeaf2.txt,train,train/images/IMG_2902_JPG.rf.34175d38aeeb2dfc9972c37c269eeaf2.jpg,bdb2d458bc097b47051e50887535022955e50631dfc31a495a8dd015dee69024,43,0,,included
train/images/14-2-_jpg.rf.1ef76d10fdab58273d25aec88e0b86c1.jpg,train/labels/14-2-_jpg.rf.1ef76d10fdab58273d25aec88e0b86c1.txt,d4/train/images/14-2-_jpg.rf.1ef76d10fdab58273d25aec88e0b86c1.jpg,d4/train/labels/14-2-_jpg.rf.1ef76d10fdab58273d25aec88e0b86c1.txt,train,train/images/14-2-_jpg.rf.1ef76d10fdab58273d25aec88e0b86c1.jpg,3da842ee8a6b0c77404367cfe791b74adbe8395f616acd1a96d962541cbc0f24,38,0,,included
train/images/IMG_2547_JPG.rf.ca43e304d3a3920bc7f07efdcfb7ee26.jpg,train/labels/IMG_2547_JPG.rf.ca43e304d3a3920bc7f07efdcfb7ee26.txt,d4/valid/images/IMG_2547_JPG.rf.ca43e304d3a3920bc7f07efdcfb7ee26.jpg,d4/valid/labels/IMG_2547_JPG.rf.ca43e304d3a3920bc7f07efdcfb7ee26.txt,valid,train/images/IMG_2547_JPG.rf.ca43e304d3a3920bc7f07efdcfb7ee26.jpg,f1bd162ef8729127e947d5be8514ae74d9680ca9d9091d0d55657cc7e80693e2,20,0,,included
train/images/-trashed-1744297252-IMG20250228000632-Copy_jpg.rf.3960f631d71c036f09915924c35243dd.jpg,train/labels/-trashed-1744297252-IMG20250228000632-Copy_jpg.rf.3960f631d71c036f09915924c35243dd.txt,d4/train/images/-trashed-1744297252-IMG20250228000632-Copy_jpg.rf.3960f631d71c036f09915924c35243dd.jpg,d4/train/labels/-trashed-1744297252-IMG20250228000632-Copy_jpg.rf.3960f631d71c036f09915924c35243dd.txt,train,train/images/-trashed-1744297252-IMG20250228000632-Copy_jpg.rf.3960f631d71c036f09915924c35243dd.jpg,e9d79448c8b9c307bbb7d6fc65c60fd0334826fc256a7d2874f8dca16bd764d2,35,0,,included
train/images/1769147070994_jpg.rf.bb4e40e37729cff78de84bfd755a3361.jpg,train/labels/1769147070994_jpg.rf.bb4e40e37729cff78de84bfd755a3361.txt,d4/train/images/1769147070994_jpg.rf.bb4e40e37729cff78de84bfd755a3361.jpg,d4/train/labels/1769147070994_jpg.rf.bb4e40e37729cff78de84bfd755a3361.txt,train,train/images/1769147070994_jpg.rf.bb4e40e37729cff78de84bfd755a3361.jpg,3fc7108b20dee76996765fe8fb93e6d8e6f86666aa0d75f05994224c430b5834,35,0,,included
train/images/IMG_3277_JPG.rf.a9b007b7891c0310683aa3ae4f0ad65f.jpg,train/labels/IMG_3277_JPG.rf.a9b007b7891c0310683aa3ae4f0ad65f.txt,d4/train/images/IMG_3277_JPG.rf.a9b007b7891c0310683aa3ae4f0ad65f.jpg,d4/train/labels/IMG_3277_JPG.rf.a9b007b7891c0310683aa3ae4f0ad65f.txt,train,train/images/IMG_3277_JPG.rf.a9b007b7891c0310683aa3ae4f0ad65f.jpg,ae2386254837c842c7a7a49eac9e2f9377af14c0591020d4a5b9b8a6e9dcf214,39,0,,included
train/images/DSC00257_JPG.rf.8dc2cb761fad9d1dfc02115556b88686.jpg,train/labels/DSC00257_JPG.rf.8dc2cb761fad9d1dfc02115556b88686.txt,d4/train/images/DSC00257_JPG.rf.8dc2cb761fad9d1dfc02115556b88686.jpg,d4/train/labels/DSC00257_JPG.rf.8dc2cb761fad9d1dfc02115556b88686.txt,train,train/images/DSC00257_JPG.rf.8dc2cb761fad9d1dfc02115556b88686.jpg,1aff0e16a57db67b25dce508896c104894ff4edb972bfcc386b652ea0c016ceb,30,0,,included
train/images/7-2-_jpg.rf.627d944529e92863b46fc11e16f6add1.jpg,train/labels/7-2-_jpg.rf.627d944529e92863b46fc11e16f6add1.txt,d4/train/images/7-2-_jpg.rf.627d944529e92863b46fc11e16f6add1.jpg,d4/train/labels/7-2-_jpg.rf.627d944529e92863b46fc11e16f6add1.txt,train,train/images/7-2-_jpg.rf.627d944529e92863b46fc11e16f6add1.jpg,70a09a6c4c389996749480fcb3b9d207e51cf0aea6258e2f264db1d86137a6be,47,0,,included
train/images/1769238913068_jpg.rf.c91de88847cca9f3a0a2b7db87639b8c.jpg,train/labels/1769238913068_jpg.rf.c91de88847cca9f3a0a2b7db87639b8c.txt,d4/train/images/1769238913068_jpg.rf.c91de88847cca9f3a0a2b7db87639b8c.jpg,d4/train/labels/1769238913068_jpg.rf.c91de88847cca9f3a0a2b7db87639b8c.txt,train,train/images/1769238913068_jpg.rf.c91de88847cca9f3a0a2b7db87639b8c.jpg,a713dbbdd4dbf5ca1deb8f66883a44b1fa16ecf648c52ec42255bae0c6230a11,63,0,,included
train/images/-trashed-1744297251-IMG20250228000602-Copy_jpg.rf.4e3fd1c9bf6a280134f5ecffa9b11b6a.jpg,train/labels/-trashed-1744297251-IMG20250228000602-Copy_jpg.rf.4e3fd1c9bf6a280134f5ecffa9b11b6a.txt,d4/valid/images/-trashed-1744297251-IMG20250228000602-Copy_jpg.rf.4e3fd1c9bf6a280134f5ecffa9b11b6a.jpg,d4/valid/labels/-trashed-1744297251-IMG20250228000602-Copy_jpg.rf.4e3fd1c9bf6a280134f5ecffa9b11b6a.txt,valid,train/images/-trashed-1744297251-IMG20250228000602-Copy_jpg.rf.4e3fd1c9bf6a280134f5ecffa9b11b6a.jpg,3938cbf3573692b0914567c60fead94d71b0b0441cdd88771874c18088bb406e,35,0,,included
train/images/1769238913169_jpg.rf.acc1c2630901d1fc0e79d4bef094bb97.jpg,train/labels/1769238913169_jpg.rf.acc1c2630901d1fc0e79d4bef094bb97.txt,d4/train/images/1769238913169_jpg.rf.acc1c2630901d1fc0e79d4bef094bb97.jpg,d4/train/labels/1769238913169_jpg.rf.acc1c2630901d1fc0e79d4bef094bb97.txt,train,train/images/1769238913169_jpg.rf.acc1c2630901d1fc0e79d4bef094bb97.jpg,4c94d67e350e19ac1ba75a5bcc95394968fdf623a103851d17acb388f1cc8cdf,72,0,,included
train/images/IMG_2322_JPG.rf.3dab4c13869c710a278da47bff4fb5e4.jpg,train/labels/IMG_2322_JPG.rf.3dab4c13869c710a278da47bff4fb5e4.txt,d4/train/images/IMG_2322_JPG.rf.3dab4c13869c710a278da47bff4fb5e4.jpg,d4/train/labels/IMG_2322_JPG.rf.3dab4c13869c710a278da47bff4fb5e4.txt,train,train/images/IMG_2322_JPG.rf.3dab4c13869c710a278da47bff4fb5e4.jpg,cc7f3e12d22151a1e940240d1b62bd601b1a2067b19080fa0cfadcd0eca01f6c,35,0,,included
train/images/1768802552740_jpg.rf.0b615f90ecbe7d1a9450defe6e263216.jpg,train/labels/1768802552740_jpg.rf.0b615f90ecbe7d1a9450defe6e263216.txt,d4/valid/images/1768802552740_jpg.rf.0b615f90ecbe7d1a9450defe6e263216.jpg,d4/valid/labels/1768802552740_jpg.rf.0b615f90ecbe7d1a9450defe6e263216.txt,valid,train/images/1768802552740_jpg.rf.0b615f90ecbe7d1a9450defe6e263216.jpg,97184daa901c02b8ebee4041cf25eaec0aeb1d9ec825f68cb54fae4d8b076c7b,20,0,,included
train/images/IMG_2710_JPG.rf.b4d6981be286771e9052548a2fb29750.jpg,train/labels/IMG_2710_JPG.rf.b4d6981be286771e9052548a2fb29750.txt,d4/train/images/IMG_2710_JPG.rf.b4d6981be286771e9052548a2fb29750.jpg,d4/train/labels/IMG_2710_JPG.rf.b4d6981be286771e9052548a2fb29750.txt,train,train/images/IMG_2710_JPG.rf.b4d6981be286771e9052548a2fb29750.jpg,fb5f6794af72bfe1b1f6c75c9d32ee77483ee2d21b940b555c11f36fcce3578d,30,0,,included
train/images/IMG_0512_JPG.rf.5d16ea71c67790a7402538f9db79f8e7.jpg,train/labels/IMG_0512_JPG.rf.5d16ea71c67790a7402538f9db79f8e7.txt,d4/valid/images/IMG_0512_JPG.rf.5d16ea71c67790a7402538f9db79f8e7.jpg,d4/valid/labels/IMG_0512_JPG.rf.5d16ea71c67790a7402538f9db79f8e7.txt,valid,train/images/IMG_0512_JPG.rf.5d16ea71c67790a7402538f9db79f8e7.jpg,3d1ee8370ee7a9977e3ce852d38b87ffe91f2e02e5d4035b30f3f434e39cf115,35,0,,included
train/images/IMG_20240616_083058_173_jpg.rf.684867fb7c2d3f58013c40113f337459.jpg,train/labels/IMG_20240616_083058_173_jpg.rf.684867fb7c2d3f58013c40113f337459.txt,d4/train/images/IMG_20240616_083058_173_jpg.rf.684867fb7c2d3f58013c40113f337459.jpg,d4/train/labels/IMG_20240616_083058_173_jpg.rf.684867fb7c2d3f58013c40113f337459.txt,train,train/images/IMG_20240616_083058_173_jpg.rf.684867fb7c2d3f58013c40113f337459.jpg,11d049a99cf74398b52d48d9da0e1b9368912ccd4643c5ec1e769969599c7267,26,0,,included
train/images/IMG_2636_JPG.rf.f66bd2c6efcde6c782d13b72e27f301f.jpg,train/labels/IMG_2636_JPG.rf.f66bd2c6efcde6c782d13b72e27f301f.txt,d4/valid/images/IMG_2636_JPG.rf.f66bd2c6efcde6c782d13b72e27f301f.jpg,d4/valid/labels/IMG_2636_JPG.rf.f66bd2c6efcde6c782d13b72e27f301f.txt,valid,train/images/IMG_2636_JPG.rf.f66bd2c6efcde6c782d13b72e27f301f.jpg,25a3dd43731bbbde2172b840c4a61f19c1f7c5b6ba21107d4b0cfbcff0d99baf,50,0,,included
train/images/IMG_2272_JPG.rf.ee457e19b9824cc3c6ed7044af57deb3.jpg,train/labels/IMG_2272_JPG.rf.ee457e19b9824cc3c6ed7044af57deb3.txt,d4/valid/images/IMG_2272_JPG.rf.ee457e19b9824cc3c6ed7044af57deb3.jpg,d4/valid/labels/IMG_2272_JPG.rf.ee457e19b9824cc3c6ed7044af57deb3.txt,valid,train/images/IMG_2272_JPG.rf.ee457e19b9824cc3c6ed7044af57deb3.jpg,de52ed9f3f19e771e7461a4cfe47c71f35db60b794ccf28d58a9cfb2d368e0f3,77,0,,included
train/images/IMG_0679_JPG.rf.84ec439d2194fbe18eda37adae8c8e0d.jpg,train/labels/IMG_0679_JPG.rf.84ec439d2194fbe18eda37adae8c8e0d.txt,d4/valid/images/IMG_0679_JPG.rf.84ec439d2194fbe18eda37adae8c8e0d.jpg,d4/valid/labels/IMG_0679_JPG.rf.84ec439d2194fbe18eda37adae8c8e0d.txt,valid,train/images/IMG_0679_JPG.rf.84ec439d2194fbe18eda37adae8c8e0d.jpg,a6e343b0636ba353722935fe5b36a35225752ebaf6fb96ae70fc037db2a6cdc6,62,0,,included
train/images/1769147229849_jpg.rf.50a89168e121d6a668c664780a8d6094.jpg,train/labels/1769147229849_jpg.rf.50a89168e121d6a668c664780a8d6094.txt,d4/test/images/1769147229849_jpg.rf.50a89168e121d6a668c664780a8d6094.jpg,d4/test/labels/1769147229849_jpg.rf.50a89168e121d6a668c664780a8d6094.txt,test,train/images/1769147229849_jpg.rf.50a89168e121d6a668c664780a8d6094.jpg,d2fad2755216356ccf42256bbbe08dfc44e4d1438fea00e855ce8bb243ab24a4,23,0,,included
train/images/1768893347295_jpg.rf.2988d30406dc706a13e183230793329e.jpg,train/labels/1768893347295_jpg.rf.2988d30406dc706a13e183230793329e.txt,d4/valid/images/1768893347295_jpg.rf.2988d30406dc706a13e183230793329e.jpg,d4/valid/labels/1768893347295_jpg.rf.2988d30406dc706a13e183230793329e.txt,valid,train/images/1768893347295_jpg.rf.2988d30406dc706a13e183230793329e.jpg,050349cfd0e4776939b2644d250966446a310af3e464bb43f011a5bf790bf8ff,20,0,,included
train/images/IMG_0342_JPG.rf.f3fca35a28bf7cd70c75c2ebdef7758f.jpg,train/labels/IMG_0342_JPG.rf.f3fca35a28bf7cd70c75c2ebdef7758f.txt,d4/valid/images/IMG_0342_JPG.rf.f3fca35a28bf7cd70c75c2ebdef7758f.jpg,d4/valid/labels/IMG_0342_JPG.rf.f3fca35a28bf7cd70c75c2ebdef7758f.txt,valid,train/images/IMG_0342_JPG.rf.f3fca35a28bf7cd70c75c2ebdef7758f.jpg,bca5b180ad3aa6b3fe7b376a6802cf12a0149262f4153a300ede141039968925,26,0,,included
train/images/-trashed-1731909746-IMG_20240911_224052_jpg.rf.d74750c315c802bfc770691af59c2aaf.jpg,train/labels/-trashed-1731909746-IMG_20240911_224052_jpg.rf.d74750c315c802bfc770691af59c2aaf.txt,d4/valid/images/-trashed-1731909746-IMG_20240911_224052_jpg.rf.d74750c315c802bfc770691af59c2aaf.jpg,d4/valid/labels/-trashed-1731909746-IMG_20240911_224052_jpg.rf.d74750c315c802bfc770691af59c2aaf.txt,valid,train/images/-trashed-1731909746-IMG_20240911_224052_jpg.rf.d74750c315c802bfc770691af59c2aaf.jpg,50e635ff14e8f95e43c2203136bce874e8c334c89468b360abd9a086443f22bb,35,0,,included
train/images/DSC00454_JPG.rf.4b6c9193adbe3fa23c1c41dda71ffc74.jpg,train/labels/DSC00454_JPG.rf.4b6c9193adbe3fa23c1c41dda71ffc74.txt,d4/train/images/DSC00454_JPG.rf.4b6c9193adbe3fa23c1c41dda71ffc74.jpg,d4/train/labels/DSC00454_JPG.rf.4b6c9193adbe3fa23c1c41dda71ffc74.txt,train,train/images/DSC00454_JPG.rf.4b6c9193adbe3fa23c1c41dda71ffc74.jpg,2538a0de5528e73acbafdb52f053f4f8e1a473ff50968ad410eef141d337fc6a,121,0,,included
train/images/13_jpg.rf.56eb7f25b568aa0c71867f6e863ae331.jpg,train/labels/13_jpg.rf.56eb7f25b568aa0c71867f6e863ae331.txt,d4/train/images/13_jpg.rf.56eb7f25b568aa0c71867f6e863ae331.jpg,d4/train/labels/13_jpg.rf.56eb7f25b568aa0c71867f6e863ae331.txt,train,train/images/13_jpg.rf.56eb7f25b568aa0c71867f6e863ae331.jpg,916d1df54f6ab9aeb6926fbe656bd84c4e4d656e1af7ae1f5886fe238ee22d6c,60,0,,included
train/images/1771645363739_jpg.rf.eef4e923e4bdd462c7433335f1e1b7c5.jpg,train/labels/1771645363739_jpg.rf.eef4e923e4bdd462c7433335f1e1b7c5.txt,d4/valid/images/1771645363739_jpg.rf.eef4e923e4bdd462c7433335f1e1b7c5.jpg,d4/valid/labels/1771645363739_jpg.rf.eef4e923e4bdd462c7433335f1e1b7c5.txt,valid,train/images/1771645363739_jpg.rf.eef4e923e4bdd462c7433335f1e1b7c5.jpg,cc49549ae4622d7b92051d94d53860faa6850acadda3a8ccd2068e25e6ec48bc,23,0,,included
train/images/1769065031122_jpg.rf.e9bf14634aeb29baaddfad06a1140df2.jpg,train/labels/1769065031122_jpg.rf.e9bf14634aeb29baaddfad06a1140df2.txt,d4/valid/images/1769065031122_jpg.rf.e9bf14634aeb29baaddfad06a1140df2.jpg,d4/valid/labels/1769065031122_jpg.rf.e9bf14634aeb29baaddfad06a1140df2.txt,valid,train/images/1769065031122_jpg.rf.e9bf14634aeb29baaddfad06a1140df2.jpg,0753711daa9a1399c73d9b160c3c3b6524d3194ed68755a2f3f6e28d3e7ed038,20,0,,included
train/images/DSC00478_JPG.rf.0a34a75cdf6435df9c5c926639f512a8.jpg,train/labels/DSC00478_JPG.rf.0a34a75cdf6435df9c5c926639f512a8.txt,d4/train/images/DSC00478_JPG.rf.0a34a75cdf6435df9c5c926639f512a8.jpg,d4/train/labels/DSC00478_JPG.rf.0a34a75cdf6435df9c5c926639f512a8.txt,train,train/images/DSC00478_JPG.rf.0a34a75cdf6435df9c5c926639f512a8.jpg,63b40e1c293700541fcba0cd68c73d9fcedada088ec6b67c222abf2b13da1efc,52,0,,included
train/images/DSC00453_JPG.rf.5b7a57127a6e5e8c57bbbe006593067f.jpg,train/labels/DSC00453_JPG.rf.5b7a57127a6e5e8c57bbbe006593067f.txt,d4/valid/images/DSC00453_JPG.rf.5b7a57127a6e5e8c57bbbe006593067f.jpg,d4/valid/labels/DSC00453_JPG.rf.5b7a57127a6e5e8c57bbbe006593067f.txt,valid,train/images/DSC00453_JPG.rf.5b7a57127a6e5e8c57bbbe006593067f.jpg,e82975fa500c20ad6513db899e1643f679e8af15861e2a06016c6e89cc221b4a,168,0,,included
train/images/18-2-_jpg.rf.bddd87f94e6050e8152fe6c2815b9df3.jpg,train/labels/18-2-_jpg.rf.bddd87f94e6050e8152fe6c2815b9df3.txt,d4/valid/images/18-2-_jpg.rf.bddd87f94e6050e8152fe6c2815b9df3.jpg,d4/valid/labels/18-2-_jpg.rf.bddd87f94e6050e8152fe6c2815b9df3.txt,valid,train/images/18-2-_jpg.rf.bddd87f94e6050e8152fe6c2815b9df3.jpg,27d771eca83e12231f72355f93cb44f5c79f6f29181373fc3bb11e643ace1fbb,42,0,,included
train/images/IMG_0708_JPG.rf.5eca1a298e5408be507139c9e969f2a0.jpg,train/labels/IMG_0708_JPG.rf.5eca1a298e5408be507139c9e969f2a0.txt,d4/valid/images/IMG_0708_JPG.rf.5eca1a298e5408be507139c9e969f2a0.jpg,d4/valid/labels/IMG_0708_JPG.rf.5eca1a298e5408be507139c9e969f2a0.txt,valid,train/images/IMG_0708_JPG.rf.5eca1a298e5408be507139c9e969f2a0.jpg,e3ec095aa45121604d4583e570a2a61fb8fb5ff13683d84ad21a2f36b22163f9,35,0,,included
train/images/IMG_0343_JPG.rf.ac7bfbae479e238f748ea4170aaaea3f.jpg,train/labels/IMG_0343_JPG.rf.ac7bfbae479e238f748ea4170aaaea3f.txt,d4/valid/images/IMG_0343_JPG.rf.ac7bfbae479e238f748ea4170aaaea3f.jpg,d4/valid/labels/IMG_0343_JPG.rf.ac7bfbae479e238f748ea4170aaaea3f.txt,valid,train/images/IMG_0343_JPG.rf.ac7bfbae479e238f748ea4170aaaea3f.jpg,a6bb41661432dea4c76c5aece1c292f47ae2b0bc6d9bfd62f28d17231a287763,42,0,,included
train/images/IMG_0615_JPG.rf.4cc94e00da2543b03bd713f309c61387.jpg,train/labels/IMG_0615_JPG.rf.4cc94e00da2543b03bd713f309c61387.txt,d4/test/images/IMG_0615_JPG.rf.4cc94e00da2543b03bd713f309c61387.jpg,d4/test/labels/IMG_0615_JPG.rf.4cc94e00da2543b03bd713f309c61387.txt,test,train/images/IMG_0615_JPG.rf.4cc94e00da2543b03bd713f309c61387.jpg,5e0c032261447cc2967d9ffa5e2ab8ee416be446cbd4d0f2a0d7dcbdf06cadb7,32,0,,included
train/images/IMG_0295_JPG.rf.d1d5bcb6ebded3871004649cc2660207.jpg,train/labels/IMG_0295_JPG.rf.d1d5bcb6ebded3871004649cc2660207.txt,d4/test/images/IMG_0295_JPG.rf.d1d5bcb6ebded3871004649cc2660207.jpg,d4/test/labels/IMG_0295_JPG.rf.d1d5bcb6ebded3871004649cc2660207.txt,test,train/images/IMG_0295_JPG.rf.d1d5bcb6ebded3871004649cc2660207.jpg,e63c3296e20313a45082519c8512eb639f52bb24370ea106a6297756a0e65b49,38,0,,included
train/images/IMG_2776_JPG.rf.396ed5ec088f2e2b2b6269293ee468a2.jpg,train/labels/IMG_2776_JPG.rf.396ed5ec088f2e2b2b6269293ee468a2.txt,d4/valid/images/IMG_2776_JPG.rf.396ed5ec088f2e2b2b6269293ee468a2.jpg,d4/valid/labels/IMG_2776_JPG.rf.396ed5ec088f2e2b2b6269293ee468a2.txt,valid,train/images/IMG_2776_JPG.rf.396ed5ec088f2e2b2b6269293ee468a2.jpg,ee5df93217a29285f03d5761343d5a8da044609efad1838f5a5de7028cec866f,72,0,,included
train/images/33_jpg.rf.2ec62dd393b9a56cefb923d5ede17640.jpg,train/labels/33_jpg.rf.2ec62dd393b9a56cefb923d5ede17640.txt,d4/valid/images/33_jpg.rf.2ec62dd393b9a56cefb923d5ede17640.jpg,d4/valid/labels/33_jpg.rf.2ec62dd393b9a56cefb923d5ede17640.txt,valid,train/images/33_jpg.rf.2ec62dd393b9a56cefb923d5ede17640.jpg,4413f665cd879b50daf0e48156666d2f3221964fcefeb5d3375dd3966c64779c,70,0,,included
train/images/DSC00472_JPG.rf.7b2fd277e4c14089f843d7f1f5311b28.jpg,train/labels/DSC00472_JPG.rf.7b2fd277e4c14089f843d7f1f5311b28.txt,d4/test/images/DSC00472_JPG.rf.7b2fd277e4c14089f843d7f1f5311b28.jpg,d4/test/labels/DSC00472_JPG.rf.7b2fd277e4c14089f843d7f1f5311b28.txt,test,train/images/DSC00472_JPG.rf.7b2fd277e4c14089f843d7f1f5311b28.jpg,2091c0f3f9850341d0eca79c7c585e9b1a33202bf77f8a88b2352ef6c3164364,59,0,,included
train/images/IMG_20240616_082514_026_jpg.rf.3609aec880dfd202fc05e10b992814e5.jpg,train/labels/IMG_20240616_082514_026_jpg.rf.3609aec880dfd202fc05e10b992814e5.txt,d4/train/images/IMG_20240616_082514_026_jpg.rf.3609aec880dfd202fc05e10b992814e5.jpg,d4/train/labels/IMG_20240616_082514_026_jpg.rf.3609aec880dfd202fc05e10b992814e5.txt,train,train/images/IMG_20240616_082514_026_jpg.rf.3609aec880dfd202fc05e10b992814e5.jpg,ca35ff8fd97894badb230aa5ce90b7dfaa46c6e39f4a48df72acffb220c2729a,26,0,,included
train/images/1768802717708_jpg.rf.f0c4d844f9f87a8bb4aafc31178d12b1.jpg,train/labels/1768802717708_jpg.rf.f0c4d844f9f87a8bb4aafc31178d12b1.txt,d4/valid/images/1768802717708_jpg.rf.f0c4d844f9f87a8bb4aafc31178d12b1.jpg,d4/valid/labels/1768802717708_jpg.rf.f0c4d844f9f87a8bb4aafc31178d12b1.txt,valid,train/images/1768802717708_jpg.rf.f0c4d844f9f87a8bb4aafc31178d12b1.jpg,4a4a6d53f8eea0e1f6cb6a1e21d38d19a44f91654949bb039b080f69189a6eb2,20,0,,included
train/images/IMG_0291_JPG.rf.8b3ccbb090f9ed45d148712373c876a2.jpg,train/labels/IMG_0291_JPG.rf.8b3ccbb090f9ed45d148712373c876a2.txt,d4/train/images/IMG_0291_JPG.rf.8b3ccbb090f9ed45d148712373c876a2.jpg,d4/train/labels/IMG_0291_JPG.rf.8b3ccbb090f9ed45d148712373c876a2.txt,train,train/images/IMG_0291_JPG.rf.8b3ccbb090f9ed45d148712373c876a2.jpg,50ba2159b8f30bc5163cf5af56d9695f71cd3af07f7bca32fd247f2de9efb8c5,24,0,,included
train/images/IMG_2638_JPG.rf.24d98f3e296cf8cb169902b93800d42b.jpg,train/labels/IMG_2638_JPG.rf.24d98f3e296cf8cb169902b93800d42b.txt,d4/test/images/IMG_2638_JPG.rf.24d98f3e296cf8cb169902b93800d42b.jpg,d4/test/labels/IMG_2638_JPG.rf.24d98f3e296cf8cb169902b93800d42b.txt,test,train/images/IMG_2638_JPG.rf.24d98f3e296cf8cb169902b93800d42b.jpg,88970cb97eeb72278416f80b73fcd235db386e9a41d4c42a268cea4bb171d054,55,0,,included
train/images/IMG_2728_JPG.rf.3d53905de44f26170e102af29830605c.jpg,train/labels/IMG_2728_JPG.rf.3d53905de44f26170e102af29830605c.txt,d4/train/images/IMG_2728_JPG.rf.3d53905de44f26170e102af29830605c.jpg,d4/train/labels/IMG_2728_JPG.rf.3d53905de44f26170e102af29830605c.txt,train,train/images/IMG_2728_JPG.rf.3d53905de44f26170e102af29830605c.jpg,0b3967a2a264b85e71533845664bdfb25630d7abed8bbd0a6105e236169d4201,30,0,,included
train/images/DSC03398_JPG.rf.ef7c4ae72f12dde1661ddf7c48c98dc3.jpg,train/labels/DSC03398_JPG.rf.ef7c4ae72f12dde1661ddf7c48c98dc3.txt,d4/test/images/DSC03398_JPG.rf.ef7c4ae72f12dde1661ddf7c48c98dc3.jpg,d4/test/labels/DSC03398_JPG.rf.ef7c4ae72f12dde1661ddf7c48c98dc3.txt,test,train/images/DSC03398_JPG.rf.ef7c4ae72f12dde1661ddf7c48c98dc3.jpg,f2cfe04fccd48dde735c2ca6a75a069bc6b78ad99739a1c80d12a1c023fb5ae0,25,0,,included
train/images/IMG_2528_JPG.rf.ca0838fe715e097111336a59bb1e2aac.jpg,train/labels/IMG_2528_JPG.rf.ca0838fe715e097111336a59bb1e2aac.txt,d4/train/images/IMG_2528_JPG.rf.ca0838fe715e097111336a59bb1e2aac.jpg,d4/train/labels/IMG_2528_JPG.rf.ca0838fe715e097111336a59bb1e2aac.txt,train,train/images/IMG_2528_JPG.rf.ca0838fe715e097111336a59bb1e2aac.jpg,cbc08f2a67867f1830783b23d8b6c0d19d7e3360ae61a45180a5db9ceadb9625,62,0,,included
train/images/1768975598867_jpg.rf.ccd4895cd91dde52c6df74bec0c073a4.jpg,train/labels/1768975598867_jpg.rf.ccd4895cd91dde52c6df74bec0c073a4.txt,d4/train/images/1768975598867_jpg.rf.ccd4895cd91dde52c6df74bec0c073a4.jpg,d4/train/labels/1768975598867_jpg.rf.ccd4895cd91dde52c6df74bec0c073a4.txt,train,train/images/1768975598867_jpg.rf.ccd4895cd91dde52c6df74bec0c073a4.jpg,4085e4e2e0d3ab7c6beda9249518987b9022ccedef7b593cb0ea50942b06bac8,20,0,,included
train/images/IMG_2517_JPG.rf.e6e0460a8c06646ef0fa57194a02a759.jpg,train/labels/IMG_2517_JPG.rf.e6e0460a8c06646ef0fa57194a02a759.txt,d4/valid/images/IMG_2517_JPG.rf.e6e0460a8c06646ef0fa57194a02a759.jpg,d4/valid/labels/IMG_2517_JPG.rf.e6e0460a8c06646ef0fa57194a02a759.txt,valid,train/images/IMG_2517_JPG.rf.e6e0460a8c06646ef0fa57194a02a759.jpg,5556818c8b02d0862d1381861041ff8a2239ca5c70416322ea5708430fb8bc7a,142,0,,included
train/images/1769147229696_jpg.rf.01ead0159e8245857a516d8aac85c84f.jpg,train/labels/1769147229696_jpg.rf.01ead0159e8245857a516d8aac85c84f.txt,d4/train/images/1769147229696_jpg.rf.01ead0159e8245857a516d8aac85c84f.jpg,d4/train/labels/1769147229696_jpg.rf.01ead0159e8245857a516d8aac85c84f.txt,train,train/images/1769147229696_jpg.rf.01ead0159e8245857a516d8aac85c84f.jpg,bffc35a2adc370ebf8fc1b01bc10a896bc829602e70a4d5c8cc06459ed7220aa,26,0,,included
train/images/1769147229813_jpg.rf.e6d1fda48ed401ef78ffdf81f1f61202.jpg,train/labels/1769147229813_jpg.rf.e6d1fda48ed401ef78ffdf81f1f61202.txt,d4/train/images/1769147229813_jpg.rf.e6d1fda48ed401ef78ffdf81f1f61202.jpg,d4/train/labels/1769147229813_jpg.rf.e6d1fda48ed401ef78ffdf81f1f61202.txt,train,train/images/1769147229813_jpg.rf.e6d1fda48ed401ef78ffdf81f1f61202.jpg,e99950ef0b5769d013e70652ab98efd674bc620214d46df1710ce0a0a3c0d779,21,0,,included
train/images/DSC00725_JPG.rf.88110883a07d139616cbece8c8c39825.jpg,train/labels/DSC00725_JPG.rf.88110883a07d139616cbece8c8c39825.txt,d4/train/images/DSC00725_JPG.rf.88110883a07d139616cbece8c8c39825.jpg,d4/train/labels/DSC00725_JPG.rf.88110883a07d139616cbece8c8c39825.txt,train,train/images/DSC00725_JPG.rf.88110883a07d139616cbece8c8c39825.jpg,2c5cee1613e3ebe4681a7959111e964f267523e29b37e790e035cd5f00ec687f,168,0,,included
train/images/-trashed-1731909746-IMG_20240911_224114_jpg.rf.147511f2f6674820d207334a778d30fa.jpg,train/labels/-trashed-1731909746-IMG_20240911_224114_jpg.rf.147511f2f6674820d207334a778d30fa.txt,d4/valid/images/-trashed-1731909746-IMG_20240911_224114_jpg.rf.147511f2f6674820d207334a778d30fa.jpg,d4/valid/labels/-trashed-1731909746-IMG_20240911_224114_jpg.rf.147511f2f6674820d207334a778d30fa.txt,valid,train/images/-trashed-1731909746-IMG_20240911_224114_jpg.rf.147511f2f6674820d207334a778d30fa.jpg,5b6bd5b2ee80cfe4174efa1410fd3ddedf24960c9a83eda19c6bb3468f5f7afb,35,0,,included
train/images/DSC00709_JPG.rf.8ae4f06254ccbd6ec306924dbc46a755.jpg,train/labels/DSC00709_JPG.rf.8ae4f06254ccbd6ec306924dbc46a755.txt,d4/test/images/DSC00709_JPG.rf.8ae4f06254ccbd6ec306924dbc46a755.jpg,d4/test/labels/DSC00709_JPG.rf.8ae4f06254ccbd6ec306924dbc46a755.txt,test,train/images/DSC00709_JPG.rf.8ae4f06254ccbd6ec306924dbc46a755.jpg,05b721347f8adaaf556a45171e9f852f7af9dcc39f83bf77e1e6795ede8b784a,19,0,,included
train/images/IMG_3000_JPG.rf.cde2a6d5b4e282e7572f11ccd2ed8dc9.jpg,train/labels/IMG_3000_JPG.rf.cde2a6d5b4e282e7572f11ccd2ed8dc9.txt,d4/valid/images/IMG_3000_JPG.rf.cde2a6d5b4e282e7572f11ccd2ed8dc9.jpg,d4/valid/labels/IMG_3000_JPG.rf.cde2a6d5b4e282e7572f11ccd2ed8dc9.txt,valid,train/images/IMG_3000_JPG.rf.cde2a6d5b4e282e7572f11ccd2ed8dc9.jpg,a07a15da5500e9234a8576cbeae1a640524569bbe530840d410d6896928ddee8,16,0,,included
train/images/1769410259226_jpg.rf.1beaa0ace4e2b96a3b3b5b0213378bac.jpg,train/labels/1769410259226_jpg.rf.1beaa0ace4e2b96a3b3b5b0213378bac.txt,d4/train/images/1769410259226_jpg.rf.1beaa0ace4e2b96a3b3b5b0213378bac.jpg,d4/train/labels/1769410259226_jpg.rf.1beaa0ace4e2b96a3b3b5b0213378bac.txt,train,train/images/1769410259226_jpg.rf.1beaa0ace4e2b96a3b3b5b0213378bac.jpg,0f2d4197f588a96884689c0467751a6fa80f911dc815aa739c51a7494eaa3c57,30,0,,included
train/images/IMG_3203_JPG.rf.e94d7544e8118db13aa74d6e4c7de090.jpg,train/labels/IMG_3203_JPG.rf.e94d7544e8118db13aa74d6e4c7de090.txt,d4/train/images/IMG_3203_JPG.rf.e94d7544e8118db13aa74d6e4c7de090.jpg,d4/train/labels/IMG_3203_JPG.rf.e94d7544e8118db13aa74d6e4c7de090.txt,train,train/images/IMG_3203_JPG.rf.e94d7544e8118db13aa74d6e4c7de090.jpg,1efbba7ab81f25c567776d711ab47bdb7738bd0fbdffb3f29886638a5ebddcc2,30,0,,included
train/images/-trashed-1744297251-IMG20250228000553-Copy_jpg.rf.0ec7beb6a357896f24d38faf27783c05.jpg,train/labels/-trashed-1744297251-IMG20250228000553-Copy_jpg.rf.0ec7beb6a357896f24d38faf27783c05.txt,d4/train/images/-trashed-1744297251-IMG20250228000553-Copy_jpg.rf.0ec7beb6a357896f24d38faf27783c05.jpg,d4/train/labels/-trashed-1744297251-IMG20250228000553-Copy_jpg.rf.0ec7beb6a357896f24d38faf27783c05.txt,train,train/images/-trashed-1744297251-IMG20250228000553-Copy_jpg.rf.0ec7beb6a357896f24d38faf27783c05.jpg,c43f781d3cd240ffed37a220ce3fd554a8464e4b56cfb7c25c51c50fa417f630,35,0,,included
train/images/IMG_2682_JPG.rf.a1f917e6e58e2630f74ac6e6c8493dfd.jpg,train/labels/IMG_2682_JPG.rf.a1f917e6e58e2630f74ac6e6c8493dfd.txt,d4/train/images/IMG_2682_JPG.rf.a1f917e6e58e2630f74ac6e6c8493dfd.jpg,d4/train/labels/IMG_2682_JPG.rf.a1f917e6e58e2630f74ac6e6c8493dfd.txt,train,train/images/IMG_2682_JPG.rf.a1f917e6e58e2630f74ac6e6c8493dfd.jpg,7796e6d378d5cbdde2566ace4e679421daff9b064d4e20fa863366606de146ad,58,0,,included
train/images/IMG_2860_JPG.rf.88e6bb79530b287ac85aae19689e542c.jpg,train/labels/IMG_2860_JPG.rf.88e6bb79530b287ac85aae19689e542c.txt,d4/test/images/IMG_2860_JPG.rf.88e6bb79530b287ac85aae19689e542c.jpg,d4/test/labels/IMG_2860_JPG.rf.88e6bb79530b287ac85aae19689e542c.txt,test,train/images/IMG_2860_JPG.rf.88e6bb79530b287ac85aae19689e542c.jpg,9a17551daa64631622e47f57025322f62046eea6866ab7fbba27f64abde1e595,25,0,,included
train/images/IMG_2296_JPG.rf.1858600824164af0ead2900b52879d7a.jpg,train/labels/IMG_2296_JPG.rf.1858600824164af0ead2900b52879d7a.txt,d4/train/images/IMG_2296_JPG.rf.1858600824164af0ead2900b52879d7a.jpg,d4/train/labels/IMG_2296_JPG.rf.1858600824164af0ead2900b52879d7a.txt,train,train/images/IMG_2296_JPG.rf.1858600824164af0ead2900b52879d7a.jpg,ecc8a387074f4848f9c71ab8a6cb631428448774413b80a22db6e1bef4fb2b27,60,0,,included
train/images/IMG_2614_JPG.rf.3fc05cd0e5e6964c2f4c26ede38cc363.jpg,train/labels/IMG_2614_JPG.rf.3fc05cd0e5e6964c2f4c26ede38cc363.txt,d4/test/images/IMG_2614_JPG.rf.3fc05cd0e5e6964c2f4c26ede38cc363.jpg,d4/test/labels/IMG_2614_JPG.rf.3fc05cd0e5e6964c2f4c26ede38cc363.txt,test,train/images/IMG_2614_JPG.rf.3fc05cd0e5e6964c2f4c26ede38cc363.jpg,40122561a5caffbd377ff3838934b08d465f44c6140a66157eef057caaee7153,36,0,,included
train/images/1769065031108_jpg.rf.bef124a6eac83da43e4e00d4e900a4d8.jpg,train/labels/1769065031108_jpg.rf.bef124a6eac83da43e4e00d4e900a4d8.txt,d4/valid/images/1769065031108_jpg.rf.bef124a6eac83da43e4e00d4e900a4d8.jpg,d4/valid/labels/1769065031108_jpg.rf.bef124a6eac83da43e4e00d4e900a4d8.txt,valid,train/images/1769065031108_jpg.rf.bef124a6eac83da43e4e00d4e900a4d8.jpg,588ac4bcd0987b96499997b8a0a021ecf6433baf1a092d8bacf0a5372fb3b463,32,0,,included
train/images/1768802852191_jpg.rf.408c0567915b204e36708fec961e9738.jpg,train/labels/1768802852191_jpg.rf.408c0567915b204e36708fec961e9738.txt,d4/valid/images/1768802852191_jpg.rf.408c0567915b204e36708fec961e9738.jpg,d4/valid/labels/1768802852191_jpg.rf.408c0567915b204e36708fec961e9738.txt,valid,train/images/1768802852191_jpg.rf.408c0567915b204e36708fec961e9738.jpg,877f3086c721295c95646902708ed4232cc98cf05012286355c9dd4154a9cc9d,22,0,,included
train/images/1768802717656_jpg.rf.594ef5e449988de3a3d9b8555aa637d1.jpg,train/labels/1768802717656_jpg.rf.594ef5e449988de3a3d9b8555aa637d1.txt,d4/valid/images/1768802717656_jpg.rf.594ef5e449988de3a3d9b8555aa637d1.jpg,d4/valid/labels/1768802717656_jpg.rf.594ef5e449988de3a3d9b8555aa637d1.txt,valid,train/images/1768802717656_jpg.rf.594ef5e449988de3a3d9b8555aa637d1.jpg,6863783f629b73c092848e960c0d7271e6c1881e7c6aa805d7025a07ad433ce9,20,0,,included
train/images/IMG_0642_JPG.rf.2143df17e177723fcb28f9a1a16a7301.jpg,train/labels/IMG_0642_JPG.rf.2143df17e177723fcb28f9a1a16a7301.txt,d4/train/images/IMG_0642_JPG.rf.2143df17e177723fcb28f9a1a16a7301.jpg,d4/train/labels/IMG_0642_JPG.rf.2143df17e177723fcb28f9a1a16a7301.txt,train,train/images/IMG_0642_JPG.rf.2143df17e177723fcb28f9a1a16a7301.jpg,7b8c5821119c8b4a45c56a8db77cb374d1962120cac67009d816ad59f2b2775b,35,0,,included
train/images/1768894279632_jpg.rf.08d21a0cb678bbbb09c16c3e9a5e3217.jpg,train/labels/1768894279632_jpg.rf.08d21a0cb678bbbb09c16c3e9a5e3217.txt,d4/valid/images/1768894279632_jpg.rf.08d21a0cb678bbbb09c16c3e9a5e3217.jpg,d4/valid/labels/1768894279632_jpg.rf.08d21a0cb678bbbb09c16c3e9a5e3217.txt,valid,train/images/1768894279632_jpg.rf.08d21a0cb678bbbb09c16c3e9a5e3217.jpg,c2e091eae9900f7238bc1753ebc88f5594b25b20bd128e758971b338d1034a05,26,0,,included
train/images/1768975598871_jpg.rf.d2676c6e2a06ae4ee5821174c58ec6bc.jpg,train/labels/1768975598871_jpg.rf.d2676c6e2a06ae4ee5821174c58ec6bc.txt,d4/valid/images/1768975598871_jpg.rf.d2676c6e2a06ae4ee5821174c58ec6bc.jpg,d4/valid/labels/1768975598871_jpg.rf.d2676c6e2a06ae4ee5821174c58ec6bc.txt,valid,train/images/1768975598871_jpg.rf.d2676c6e2a06ae4ee5821174c58ec6bc.jpg,feeb32823784ac97134178a7e57fe32968999fe9639b4f047ab4f3dd3845289a,20,0,,included
train/images/DSC00711_JPG.rf.c3d00cff6440cd3d1720264ccb7820b6.jpg,train/labels/DSC00711_JPG.rf.c3d00cff6440cd3d1720264ccb7820b6.txt,d4/train/images/DSC00711_JPG.rf.c3d00cff6440cd3d1720264ccb7820b6.jpg,d4/train/labels/DSC00711_JPG.rf.c3d00cff6440cd3d1720264ccb7820b6.txt,train,train/images/DSC00711_JPG.rf.c3d00cff6440cd3d1720264ccb7820b6.jpg,1ea3d14cfa2f6e84966b06accee90a25237772e36129e1f14f386c9ed62f28d0,19,0,,included
train/images/WhatsApp-Image-2026-06-03-at-1-01-35-PM-2-_jpeg.rf.ad6cfc73278513dbdf3fd639f40d1294.jpg,train/labels/WhatsApp-Image-2026-06-03-at-1-01-35-PM-2-_jpeg.rf.ad6cfc73278513dbdf3fd639f40d1294.txt,d4/train/images/WhatsApp-Image-2026-06-03-at-1-01-35-PM-2-_jpeg.rf.ad6cfc73278513dbdf3fd639f40d1294.jpg,d4/train/labels/WhatsApp-Image-2026-06-03-at-1-01-35-PM-2-_jpeg.rf.ad6cfc73278513dbdf3fd639f40d1294.txt,train,train/images/WhatsApp-Image-2026-06-03-at-1-01-35-PM-2-_jpeg.rf.ad6cfc73278513dbdf3fd639f40d1294.jpg,94a360c4d14918fb5bc718b7e58149f84f97acb3f00df08b1de675eed96cd5ac,39,0,,included
train/images/1769147229682_jpg.rf.5e4f28927dce4d950040860ba7ab156b.jpg,train/labels/1769147229682_jpg.rf.5e4f28927dce4d950040860ba7ab156b.txt,d4/test/images/1769147229682_jpg.rf.5e4f28927dce4d950040860ba7ab156b.jpg,d4/test/labels/1769147229682_jpg.rf.5e4f28927dce4d950040860ba7ab156b.txt,test,train/images/1769147229682_jpg.rf.5e4f28927dce4d950040860ba7ab156b.jpg,4f68a2b592ce389a7064ea442eff1d7e53591e8c2f5644d173b907f8558c252b,26,0,,included
train/images/5-2-_jpg.rf.0be6406ff5b7e6096be279c4142b6b15.jpg,train/labels/5-2-_jpg.rf.0be6406ff5b7e6096be279c4142b6b15.txt,d4/train/images/5-2-_jpg.rf.0be6406ff5b7e6096be279c4142b6b15.jpg,d4/train/labels/5-2-_jpg.rf.0be6406ff5b7e6096be279c4142b6b15.txt,train,train/images/5-2-_jpg.rf.0be6406ff5b7e6096be279c4142b6b15.jpg,f12adbe450c76b45377d14c9237bb0d880519cac1e5feb844f81a2e87a4cc471,35,0,,included
train/images/1769238913119_jpg.rf.50ba1b0b4bcd7d96d667f4a1be7d5379.jpg,train/labels/1769238913119_jpg.rf.50ba1b0b4bcd7d96d667f4a1be7d5379.txt,d4/valid/images/1769238913119_jpg.rf.50ba1b0b4bcd7d96d667f4a1be7d5379.jpg,d4/valid/labels/1769238913119_jpg.rf.50ba1b0b4bcd7d96d667f4a1be7d5379.txt,valid,train/images/1769238913119_jpg.rf.50ba1b0b4bcd7d96d667f4a1be7d5379.jpg,6b7ea0241c4e63a97e5ea3ea020a0f1aeb2c60d79a8dc3b11bd84d08bc20eb9f,72,0,,included
train/images/1768975598882_jpg.rf.20625b92380d78b9dbb98bc238c5e013.jpg,train/labels/1768975598882_jpg.rf.20625b92380d78b9dbb98bc238c5e013.txt,d4/valid/images/1768975598882_jpg.rf.20625b92380d78b9dbb98bc238c5e013.jpg,d4/valid/labels/1768975598882_jpg.rf.20625b92380d78b9dbb98bc238c5e013.txt,valid,train/images/1768975598882_jpg.rf.20625b92380d78b9dbb98bc238c5e013.jpg,3b05d76b28d71064a50994b300f611cd7c4a7c013290f837d37af710d1d5bbbf,25,0,,included
train/images/DSC00442_JPG.rf.a87b7f66432248276c6133c1ca870c01.jpg,train/labels/DSC00442_JPG.rf.a87b7f66432248276c6133c1ca870c01.txt,d4/valid/images/DSC00442_JPG.rf.a87b7f66432248276c6133c1ca870c01.jpg,d4/valid/labels/DSC00442_JPG.rf.a87b7f66432248276c6133c1ca870c01.txt,valid,train/images/DSC00442_JPG.rf.a87b7f66432248276c6133c1ca870c01.jpg,b974796cb2b3495e7a923719d373d609b4e48e36d633fba1207fe84845914c63,52,0,,included
train/images/IMG_2433_JPG.rf.b8f6e80481381d7442a7dd762e1d07d7.jpg,train/labels/IMG_2433_JPG.rf.b8f6e80481381d7442a7dd762e1d07d7.txt,d4/valid/images/IMG_2433_JPG.rf.b8f6e80481381d7442a7dd762e1d07d7.jpg,d4/valid/labels/IMG_2433_JPG.rf.b8f6e80481381d7442a7dd762e1d07d7.txt,valid,train/images/IMG_2433_JPG.rf.b8f6e80481381d7442a7dd762e1d07d7.jpg,d4dfc1ee1c7084577153ab203d1d2fa95db725c891fad39415581122f7bdddcb,42,0,,included
train/images/1769147479424_jpg.rf.27cf780c155b9d7296428807762b453b.jpg,train/labels/1769147479424_jpg.rf.27cf780c155b9d7296428807762b453b.txt,d4/test/images/1769147479424_jpg.rf.27cf780c155b9d7296428807762b453b.jpg,d4/test/labels/1769147479424_jpg.rf.27cf780c155b9d7296428807762b453b.txt,test,train/images/1769147479424_jpg.rf.27cf780c155b9d7296428807762b453b.jpg,f0b09c55f57fbd925bde4883764996af340dfd0c4bfe86f4d5a466c5f616cae7,50,0,,included
train/images/IMG_2227_JPG.rf.150768696e38f5896ce9305e03865fc9.jpg,train/labels/IMG_2227_JPG.rf.150768696e38f5896ce9305e03865fc9.txt,d4/train/images/IMG_2227_JPG.rf.150768696e38f5896ce9305e03865fc9.jpg,d4/train/labels/IMG_2227_JPG.rf.150768696e38f5896ce9305e03865fc9.txt,train,train/images/IMG_2227_JPG.rf.150768696e38f5896ce9305e03865fc9.jpg,207c449e65f9e372370f8f4fe42b129c81dd5bc628c9915d53132cb97097898e,54,0,,included
train/images/DSC00264_JPG.rf.682782f9083585583998f16e2c8f1e71.jpg,train/labels/DSC00264_JPG.rf.682782f9083585583998f16e2c8f1e71.txt,d4/valid/images/DSC00264_JPG.rf.682782f9083585583998f16e2c8f1e71.jpg,d4/valid/labels/DSC00264_JPG.rf.682782f9083585583998f16e2c8f1e71.txt,valid,train/images/DSC00264_JPG.rf.682782f9083585583998f16e2c8f1e71.jpg,c7ce3241ee2cfbbda378e95e175055f4c3988b95ecf47ab2963cc9c54d27eaec,30,0,,included
train/images/IMG_0622_JPG.rf.2bbacfc7a54a32043eb68214a1c36801.jpg,train/labels/IMG_0622_JPG.rf.2bbacfc7a54a32043eb68214a1c36801.txt,d4/valid/images/IMG_0622_JPG.rf.2bbacfc7a54a32043eb68214a1c36801.jpg,d4/valid/labels/IMG_0622_JPG.rf.2bbacfc7a54a32043eb68214a1c36801.txt,valid,train/images/IMG_0622_JPG.rf.2bbacfc7a54a32043eb68214a1c36801.jpg,4932bf9fa2bb7af08242249148b60635825fa2206b97f8e0714e13026bbe846a,91,0,,included
train/images/DSC00479_JPG.rf.1a0f82d92b0ab21ebe2574e86b642153.jpg,train/labels/DSC00479_JPG.rf.1a0f82d92b0ab21ebe2574e86b642153.txt,d4/valid/images/DSC00479_JPG.rf.1a0f82d92b0ab21ebe2574e86b642153.jpg,d4/valid/labels/DSC00479_JPG.rf.1a0f82d92b0ab21ebe2574e86b642153.txt,valid,train/images/DSC00479_JPG.rf.1a0f82d92b0ab21ebe2574e86b642153.jpg,033cc0d670f358346dc5f82a2b7ddf00d0153239de7f42921f6318976773c694,52,0,,included
train/images/IMG_3165_JPG.rf.a9e5b949d22df6750d3bd12e83b081a7.jpg,train/labels/IMG_3165_JPG.rf.a9e5b949d22df6750d3bd12e83b081a7.txt,d4/valid/images/IMG_3165_JPG.rf.a9e5b949d22df6750d3bd12e83b081a7.jpg,d4/valid/labels/IMG_3165_JPG.rf.a9e5b949d22df6750d3bd12e83b081a7.txt,valid,train/images/IMG_3165_JPG.rf.a9e5b949d22df6750d3bd12e83b081a7.jpg,1a5271e881243427f90da31e86aab1104d627ab80e3336e9bcc12c8ab2d375f2,20,0,,included
train/images/21_jpg.rf.5f9165d1972a7286d361a4ca97be6dc4.jpg,train/labels/21_jpg.rf.5f9165d1972a7286d361a4ca97be6dc4.txt,d4/valid/images/21_jpg.rf.5f9165d1972a7286d361a4ca97be6dc4.jpg,d4/valid/labels/21_jpg.rf.5f9165d1972a7286d361a4ca97be6dc4.txt,valid,train/images/21_jpg.rf.5f9165d1972a7286d361a4ca97be6dc4.jpg,0c6b1c0abc9909e8529f3d3703594b529549a80c9769014a71acbce105bd4228,60,0,,included
train/images/1768802852183_jpg.rf.0b69647d2d1019b13190c519a5cac43d.jpg,train/labels/1768802852183_jpg.rf.0b69647d2d1019b13190c519a5cac43d.txt,d4/train/images/1768802852183_jpg.rf.0b69647d2d1019b13190c519a5cac43d.jpg,d4/train/labels/1768802852183_jpg.rf.0b69647d2d1019b13190c519a5cac43d.txt,train,train/images/1768802852183_jpg.rf.0b69647d2d1019b13190c519a5cac43d.jpg,4426bdcfb449e3175bcbc9cf1fc5a2a63609be4caf10d7e635dfa6744e8b35a7,25,0,,included
train/images/IMG_0675_JPG.rf.5c3b34573deabb2d24848f89fd897348.jpg,train/labels/IMG_0675_JPG.rf.5c3b34573deabb2d24848f89fd897348.txt,d4/train/images/IMG_0675_JPG.rf.5c3b34573deabb2d24848f89fd897348.jpg,d4/train/labels/IMG_0675_JPG.rf.5c3b34573deabb2d24848f89fd897348.txt,train,train/images/IMG_0675_JPG.rf.5c3b34573deabb2d24848f89fd897348.jpg,2e0a9a0559346a5d232a79a5261f02e18799585417cce7887a01aea3a5c460c3,101,0,,included
train/images/1772077018988_jpg.rf.06dff79cb723a4d0ceacaa0afee92ee2.jpg,train/labels/1772077018988_jpg.rf.06dff79cb723a4d0ceacaa0afee92ee2.txt,d4/train/images/1772077018988_jpg.rf.06dff79cb723a4d0ceacaa0afee92ee2.jpg,d4/train/labels/1772077018988_jpg.rf.06dff79cb723a4d0ceacaa0afee92ee2.txt,train,train/images/1772077018988_jpg.rf.06dff79cb723a4d0ceacaa0afee92ee2.jpg,a064942f7924d53d416cb2e92f2d6ccc242049713cf103a2a1410d8b507abf46,64,0,,included
train/images/IMG_3057_JPG.rf.3133d27d3676f4c53379ef9b07b79b5a.jpg,train/labels/IMG_3057_JPG.rf.3133d27d3676f4c53379ef9b07b79b5a.txt,d4/train/images/IMG_3057_JPG.rf.3133d27d3676f4c53379ef9b07b79b5a.jpg,d4/train/labels/IMG_3057_JPG.rf.3133d27d3676f4c53379ef9b07b79b5a.txt,train,train/images/IMG_3057_JPG.rf.3133d27d3676f4c53379ef9b07b79b5a.jpg,7b381b491573e918c7ac0bd33f15b1a59789e53b3d2c7e59ade76e0a9f5414f5,54,0,,included
train/images/IMG_2516_JPG.rf.de8ced301b6f5def286569ddaa4cd4b6.jpg,train/labels/IMG_2516_JPG.rf.de8ced301b6f5def286569ddaa4cd4b6.txt,d4/test/images/IMG_2516_JPG.rf.de8ced301b6f5def286569ddaa4cd4b6.jpg,d4/test/labels/IMG_2516_JPG.rf.de8ced301b6f5def286569ddaa4cd4b6.txt,test,train/images/IMG_2516_JPG.rf.de8ced301b6f5def286569ddaa4cd4b6.jpg,451cb7328c2756b9cffd7345320d0b28fb9577b10f7cbc436701133145503806,122,0,,included
train/images/IMG_20240629_003339_061_jpg.rf.68a2179daad4a3d30451fe8b53b851b1.jpg,train/labels/IMG_20240629_003339_061_jpg.rf.68a2179daad4a3d30451fe8b53b851b1.txt,d4/train/images/IMG_20240629_003339_061_jpg.rf.68a2179daad4a3d30451fe8b53b851b1.jpg,d4/train/labels/IMG_20240629_003339_061_jpg.rf.68a2179daad4a3d30451fe8b53b851b1.txt,train,train/images/IMG_20240629_003339_061_jpg.rf.68a2179daad4a3d30451fe8b53b851b1.jpg,8eaf4cf2691c01bf190d6bc3fe7505d42977c746cc8eda5bc98ef26b30c0e498,16,0,,included
train/images/1769147071023_jpg.rf.87a0f0a35d0bfe30f756f266af90929f.jpg,train/labels/1769147071023_jpg.rf.87a0f0a35d0bfe30f756f266af90929f.txt,d4/train/images/1769147071023_jpg.rf.87a0f0a35d0bfe30f756f266af90929f.jpg,d4/train/labels/1769147071023_jpg.rf.87a0f0a35d0bfe30f756f266af90929f.txt,train,train/images/1769147071023_jpg.rf.87a0f0a35d0bfe30f756f266af90929f.jpg,9d20a90c9c4857022719f7230792260c7b742f35c8d7266ebe191fe349ca5f79,35,0,,included
train/images/IMG_2301_JPG.rf.c0980708997385d55651ad421cc58065.jpg,train/labels/IMG_2301_JPG.rf.c0980708997385d55651ad421cc58065.txt,d4/train/images/IMG_2301_JPG.rf.c0980708997385d55651ad421cc58065.jpg,d4/train/labels/IMG_2301_JPG.rf.c0980708997385d55651ad421cc58065.txt,train,train/images/IMG_2301_JPG.rf.c0980708997385d55651ad421cc58065.jpg,87010f407229df6d3fcdc1e1ae67fbe62ae3f4df0180bcb38a90561ae2125dc3,60,0,,included
train/images/DSC00429_JPG.rf.c7f782960a71646a427099a6e1dc16b7.jpg,train/labels/DSC00429_JPG.rf.c7f782960a71646a427099a6e1dc16b7.txt,d4/train/images/DSC00429_JPG.rf.c7f782960a71646a427099a6e1dc16b7.jpg,d4/train/labels/DSC00429_JPG.rf.c7f782960a71646a427099a6e1dc16b7.txt,train,train/images/DSC00429_JPG.rf.c7f782960a71646a427099a6e1dc16b7.jpg,b2f861a127b3f689ca8980d7ee5afa484bb09744552a51db83d99346c31ac795,80,0,,included
train/images/1768894395056_jpg.rf.5beb9df8cb7537cc70ccc9ef4c0b4728.jpg,train/labels/1768894395056_jpg.rf.5beb9df8cb7537cc70ccc9ef4c0b4728.txt,d4/valid/images/1768894395056_jpg.rf.5beb9df8cb7537cc70ccc9ef4c0b4728.jpg,d4/valid/labels/1768894395056_jpg.rf.5beb9df8cb7537cc70ccc9ef4c0b4728.txt,valid,train/images/1768894395056_jpg.rf.5beb9df8cb7537cc70ccc9ef4c0b4728.jpg,ec42894fb82a8e822044af6974c99617cd49d919e19df99ee65f953af5b1f04c,20,0,,included
train/images/IMG_2343_JPG.rf.3da2fba3d042480162df079e1371dbb8.jpg,train/labels/IMG_2343_JPG.rf.3da2fba3d042480162df079e1371dbb8.txt,d4/test/images/IMG_2343_JPG.rf.3da2fba3d042480162df079e1371dbb8.jpg,d4/test/labels/IMG_2343_JPG.rf.3da2fba3d042480162df079e1371dbb8.txt,test,train/images/IMG_2343_JPG.rf.3da2fba3d042480162df079e1371dbb8.jpg,071222bec70d2b67f768f13f4e37b86f3b46ea2a385e4061562992b47d3f80dd,24,0,,included
train/images/28_jpg.rf.998cf79c71c38dafd1984c5c0fb1fb73.jpg,train/labels/28_jpg.rf.998cf79c71c38dafd1984c5c0fb1fb73.txt,d4/train/images/28_jpg.rf.998cf79c71c38dafd1984c5c0fb1fb73.jpg,d4/train/labels/28_jpg.rf.998cf79c71c38dafd1984c5c0fb1fb73.txt,train,train/images/28_jpg.rf.998cf79c71c38dafd1984c5c0fb1fb73.jpg,3f6fb875901965f914ddc760730eac2cba2a1caa3827bd531815065cc14ddcd9,60,0,,included
train/images/1769147229716_jpg.rf.bfe02c16593a46fa09afe4f14fb096a2.jpg,train/labels/1769147229716_jpg.rf.bfe02c16593a46fa09afe4f14fb096a2.txt,d4/test/images/1769147229716_jpg.rf.bfe02c16593a46fa09afe4f14fb096a2.jpg,d4/test/labels/1769147229716_jpg.rf.bfe02c16593a46fa09afe4f14fb096a2.txt,test,train/images/1769147229716_jpg.rf.bfe02c16593a46fa09afe4f14fb096a2.jpg,831a5393010c171802ddd88d458c3365829aa5d8eae966b66570433c41dba944,26,0,,included
train/images/IMG_0654_JPG.rf.ebec5962bbe1cbcabcc2809e0830e3b3.jpg,train/labels/IMG_0654_JPG.rf.ebec5962bbe1cbcabcc2809e0830e3b3.txt,d4/train/images/IMG_0654_JPG.rf.ebec5962bbe1cbcabcc2809e0830e3b3.jpg,d4/train/labels/IMG_0654_JPG.rf.ebec5962bbe1cbcabcc2809e0830e3b3.txt,train,train/images/IMG_0654_JPG.rf.ebec5962bbe1cbcabcc2809e0830e3b3.jpg,ff3aec791592797f026c0792b34e5b06d855f35f19c108daa5871f2f0bb9c222,62,0,,included
train/images/IMG_2988_JPG.rf.c052c77ac46b4c382ad60e225502b1ca.jpg,train/labels/IMG_2988_JPG.rf.c052c77ac46b4c382ad60e225502b1ca.txt,d4/test/images/IMG_2988_JPG.rf.c052c77ac46b4c382ad60e225502b1ca.jpg,d4/test/labels/IMG_2988_JPG.rf.c052c77ac46b4c382ad60e225502b1ca.txt,test,train/images/IMG_2988_JPG.rf.c052c77ac46b4c382ad60e225502b1ca.jpg,468456a174f416944a2e4281e3495819b7787cfa3a09c162f46898a2384a2996,38,0,,included
train/images/-trashed-1741890529-IMG_20250211_012609_864_jpg.rf.e774a6ba52f047b7763b6489be5b72b9.jpg,train/labels/-trashed-1741890529-IMG_20250211_012609_864_jpg.rf.e774a6ba52f047b7763b6489be5b72b9.txt,d4/train/images/-trashed-1741890529-IMG_20250211_012609_864_jpg.rf.e774a6ba52f047b7763b6489be5b72b9.jpg,d4/train/labels/-trashed-1741890529-IMG_20250211_012609_864_jpg.rf.e774a6ba52f047b7763b6489be5b72b9.txt,train,train/images/-trashed-1741890529-IMG_20250211_012609_864_jpg.rf.e774a6ba52f047b7763b6489be5b72b9.jpg,3db9a98f172d0bff50afbe9923028cc6f4b325b3f89a892b8dbe8398f562d2a2,25,0,,included
train/images/26_jpg.rf.e72f744d44af3ade0f220dcbfb0367cb.jpg,train/labels/26_jpg.rf.e72f744d44af3ade0f220dcbfb0367cb.txt,d4/test/images/26_jpg.rf.e72f744d44af3ade0f220dcbfb0367cb.jpg,d4/test/labels/26_jpg.rf.e72f744d44af3ade0f220dcbfb0367cb.txt,test,train/images/26_jpg.rf.e72f744d44af3ade0f220dcbfb0367cb.jpg,146a8501dbf214c2c40e1bb0da06e43dcb7984b1da25031375a9caba2b0a6cef,60,0,,included
train/images/1768802552668_jpg.rf.cfc103b7e83755fa2dbe5612b6648ec3.jpg,train/labels/1768802552668_jpg.rf.cfc103b7e83755fa2dbe5612b6648ec3.txt,d4/train/images/1768802552668_jpg.rf.cfc103b7e83755fa2dbe5612b6648ec3.jpg,d4/train/labels/1768802552668_jpg.rf.cfc103b7e83755fa2dbe5612b6648ec3.txt,train,train/images/1768802552668_jpg.rf.cfc103b7e83755fa2dbe5612b6648ec3.jpg,b8a94bb3c635c261dc024032043cf1703f792fae4c3b21ca9ac26c581f92ec82,20,0,,included
train/images/IMG_0461_JPG.rf.a8a26b9c216d0ede6ec5786d98dcda03.jpg,train/labels/IMG_0461_JPG.rf.a8a26b9c216d0ede6ec5786d98dcda03.txt,d4/test/images/IMG_0461_JPG.rf.a8a26b9c216d0ede6ec5786d98dcda03.jpg,d4/test/labels/IMG_0461_JPG.rf.a8a26b9c216d0ede6ec5786d98dcda03.txt,test,train/images/IMG_0461_JPG.rf.a8a26b9c216d0ede6ec5786d98dcda03.jpg,b715b45999814cb662833608799b4a7f5737ac2b8066144bdebb0e7c282819c3,49,0,,included
train/images/DSC00069_JPG.rf.cc341552c2291621b5f5c01e71adc6d4.jpg,train/labels/DSC00069_JPG.rf.cc341552c2291621b5f5c01e71adc6d4.txt,d4/test/images/DSC00069_JPG.rf.cc341552c2291621b5f5c01e71adc6d4.jpg,d4/test/labels/DSC00069_JPG.rf.cc341552c2291621b5f5c01e71adc6d4.txt,test,train/images/DSC00069_JPG.rf.cc341552c2291621b5f5c01e71adc6d4.jpg,76657335e8b1db55860bc9f09e75f5be3ffbd34ab5b525246271cc9b67de82e0,35,0,,included
train/images/WhatsApp-Image-2026-06-03-at-1-01-35-PM-1-_jpeg.rf.7216ce0c08d38111f88e591b047a676e.jpg,train/labels/WhatsApp-Image-2026-06-03-at-1-01-35-PM-1-_jpeg.rf.7216ce0c08d38111f88e591b047a676e.txt,d4/train/images/WhatsApp-Image-2026-06-03-at-1-01-35-PM-1-_jpeg.rf.7216ce0c08d38111f88e591b047a676e.jpg,d4/train/labels/WhatsApp-Image-2026-06-03-at-1-01-35-PM-1-_jpeg.rf.7216ce0c08d38111f88e591b047a676e.txt,train,train/images/WhatsApp-Image-2026-06-03-at-1-01-35-PM-1-_jpeg.rf.7216ce0c08d38111f88e591b047a676e.jpg,6c3412ec264c0b339ed4c580005e6d7b3bbb2912f6762e14765d35359e0cd795,39,0,,included
train/images/DSC02120_JPG.rf.68acbb9a669e0fb5e31ea9b950847be9.jpg,train/labels/DSC02120_JPG.rf.68acbb9a669e0fb5e31ea9b950847be9.txt,d4/valid/images/DSC02120_JPG.rf.68acbb9a669e0fb5e31ea9b950847be9.jpg,d4/valid/labels/DSC02120_JPG.rf.68acbb9a669e0fb5e31ea9b950847be9.txt,valid,train/images/DSC02120_JPG.rf.68acbb9a669e0fb5e31ea9b950847be9.jpg,ed90bd65d86c52e402313b80745c356f7ccdec7132aa19b65bd20dc87b0915c8,44,0,,included
train/images/DSC02124_JPG.rf.f4c09cbbe81832e84c860b866cc469b3.jpg,train/labels/DSC02124_JPG.rf.f4c09cbbe81832e84c860b866cc469b3.txt,d4/valid/images/DSC02124_JPG.rf.f4c09cbbe81832e84c860b866cc469b3.jpg,d4/valid/labels/DSC02124_JPG.rf.f4c09cbbe81832e84c860b866cc469b3.txt,valid,train/images/DSC02124_JPG.rf.f4c09cbbe81832e84c860b866cc469b3.jpg,2cc3036ee726e32ddbe3a8cd762c5f1ac79bb3e67adc80522ca844f5f232fd13,36,0,,included
train/images/1769147479347_jpg.rf.ef15a3931e53a86a5d66a2ece39404fd.jpg,train/labels/1769147479347_jpg.rf.ef15a3931e53a86a5d66a2ece39404fd.txt,d4/valid/images/1769147479347_jpg.rf.ef15a3931e53a86a5d66a2ece39404fd.jpg,d4/valid/labels/1769147479347_jpg.rf.ef15a3931e53a86a5d66a2ece39404fd.txt,valid,train/images/1769147479347_jpg.rf.ef15a3931e53a86a5d66a2ece39404fd.jpg,d98a7a13c8222877f67f4ab65658bdc42719e707372dd11abad4b4f53fd36455,43,0,,included
train/images/9_jpg.rf.44009d6992f9a1389bc46d76dd1661fe.jpg,train/labels/9_jpg.rf.44009d6992f9a1389bc46d76dd1661fe.txt,d4/valid/images/9_jpg.rf.44009d6992f9a1389bc46d76dd1661fe.jpg,d4/valid/labels/9_jpg.rf.44009d6992f9a1389bc46d76dd1661fe.txt,valid,train/images/9_jpg.rf.44009d6992f9a1389bc46d76dd1661fe.jpg,aff4429c2a4088d86f30beeb6bfb7ec66cb51f23277c41fdb56722b95a224b63,60,0,,included
train/images/1768893347178_jpg.rf.1c749f68d333ded19a9ea138b64f15a8.jpg,train/labels/1768893347178_jpg.rf.1c749f68d333ded19a9ea138b64f15a8.txt,d4/valid/images/1768893347178_jpg.rf.1c749f68d333ded19a9ea138b64f15a8.jpg,d4/valid/labels/1768893347178_jpg.rf.1c749f68d333ded19a9ea138b64f15a8.txt,valid,train/images/1768893347178_jpg.rf.1c749f68d333ded19a9ea138b64f15a8.jpg,2f7d69565810ac85a9cff70b2082f2ec364b6a2ca230f6482f7fc02a8143c4d7,20,0,,included
train/images/IMG_3193_JPG.rf.d00870db197057aa2bab0747a1fb3ba9.jpg,train/labels/IMG_3193_JPG.rf.d00870db197057aa2bab0747a1fb3ba9.txt,d4/valid/images/IMG_3193_JPG.rf.d00870db197057aa2bab0747a1fb3ba9.jpg,d4/valid/labels/IMG_3193_JPG.rf.d00870db197057aa2bab0747a1fb3ba9.txt,valid,train/images/IMG_3193_JPG.rf.d00870db197057aa2bab0747a1fb3ba9.jpg,a29f7a674d6548d38e84ba8d62c923bd5f2005f0d401d805b62ccd30ae41d0f1,10,0,,included
train/images/-trashed-1744297251-IMG20250228002400-Copy_jpg.rf.5374506944b172bd08a7cb98b97f513f.jpg,train/labels/-trashed-1744297251-IMG20250228002400-Copy_jpg.rf.5374506944b172bd08a7cb98b97f513f.txt,d4/test/images/-trashed-1744297251-IMG20250228002400-Copy_jpg.rf.5374506944b172bd08a7cb98b97f513f.jpg,d4/test/labels/-trashed-1744297251-IMG20250228002400-Copy_jpg.rf.5374506944b172bd08a7cb98b97f513f.txt,test,train/images/-trashed-1744297251-IMG20250228002400-Copy_jpg.rf.5374506944b172bd08a7cb98b97f513f.jpg,1ffcd0e16f8340992f436601657b3ee43086ea6c9e67bdf7ef1ccbcb391240e4,35,0,,included
train/images/IMG_0345_JPG.rf.2b886bc3c2df6cd70b1f99ee219279eb.jpg,train/labels/IMG_0345_JPG.rf.2b886bc3c2df6cd70b1f99ee219279eb.txt,d4/train/images/IMG_0345_JPG.rf.2b886bc3c2df6cd70b1f99ee219279eb.jpg,d4/train/labels/IMG_0345_JPG.rf.2b886bc3c2df6cd70b1f99ee219279eb.txt,train,train/images/IMG_0345_JPG.rf.2b886bc3c2df6cd70b1f99ee219279eb.jpg,aeabed8ac0ef45ec5eecd1ab8e13fe728b8f37ec0d5402e0922f434c6447be5b,31,0,,included
train/images/-trashed-1741890529-IMG_20250211_014503_495_jpg.rf.c7b61910fc58d15707d6401830585619.jpg,train/labels/-trashed-1741890529-IMG_20250211_014503_495_jpg.rf.c7b61910fc58d15707d6401830585619.txt,d4/train/images/-trashed-1741890529-IMG_20250211_014503_495_jpg.rf.c7b61910fc58d15707d6401830585619.jpg,d4/train/labels/-trashed-1741890529-IMG_20250211_014503_495_jpg.rf.c7b61910fc58d15707d6401830585619.txt,train,train/images/-trashed-1741890529-IMG_20250211_014503_495_jpg.rf.c7b61910fc58d15707d6401830585619.jpg,38a1138f4b83937fee98f006db24b67a4d1f708100aa850f90a2e5957d36eba1,25,0,,included
train/images/1768802852026_jpg.rf.7fe234aa122b88106a50506418e54e01.jpg,train/labels/1768802852026_jpg.rf.7fe234aa122b88106a50506418e54e01.txt,d4/valid/images/1768802852026_jpg.rf.7fe234aa122b88106a50506418e54e01.jpg,d4/valid/labels/1768802852026_jpg.rf.7fe234aa122b88106a50506418e54e01.txt,valid,train/images/1768802852026_jpg.rf.7fe234aa122b88106a50506418e54e01.jpg,3e053f1bebf7466bae4ab3ad0abe702fa693feb61299a2584d4f24cb29842c42,25,0,,included
train/images/1768802717691_jpg.rf.1d6d5f20076abe8562b3b66cd117bafc.jpg,train/labels/1768802717691_jpg.rf.1d6d5f20076abe8562b3b66cd117bafc.txt,d4/train/images/1768802717691_jpg.rf.1d6d5f20076abe8562b3b66cd117bafc.jpg,d4/train/labels/1768802717691_jpg.rf.1d6d5f20076abe8562b3b66cd117bafc.txt,train,train/images/1768802717691_jpg.rf.1d6d5f20076abe8562b3b66cd117bafc.jpg,c4d4a94d6b4ccc5dec36eda268f98869d78f22aeeb2dfcdc57e9f0daf947c74c,20,0,,included
train/images/IMG_2663_JPG.rf.f511e456ce4d025ded2ded3fe8ffc43e.jpg,train/labels/IMG_2663_JPG.rf.f511e456ce4d025ded2ded3fe8ffc43e.txt,d4/train/images/IMG_2663_JPG.rf.f511e456ce4d025ded2ded3fe8ffc43e.jpg,d4/train/labels/IMG_2663_JPG.rf.f511e456ce4d025ded2ded3fe8ffc43e.txt,train,train/images/IMG_2663_JPG.rf.f511e456ce4d025ded2ded3fe8ffc43e.jpg,6158eea2c768f42d31003a1321e8367883a911deb9d7e600d9d959426b540cad,35,0,,included
train/images/19-_jpg.rf.7572522b86249c3a28d7e888fbc8671d.jpg,train/labels/19-_jpg.rf.7572522b86249c3a28d7e888fbc8671d.txt,d4/valid/images/19-_jpg.rf.7572522b86249c3a28d7e888fbc8671d.jpg,d4/valid/labels/19-_jpg.rf.7572522b86249c3a28d7e888fbc8671d.txt,valid,train/images/19-_jpg.rf.7572522b86249c3a28d7e888fbc8671d.jpg,7684ac1bd5024bd6a9c79cfe1031683e94f8e466a1f2af457bbd555ea0043074,26,0,,included
train/images/IMG_2780_JPG.rf.89a732fad823da7f1d4bd73f9dfbd6ce.jpg,train/labels/IMG_2780_JPG.rf.89a732fad823da7f1d4bd73f9dfbd6ce.txt,d4/train/images/IMG_2780_JPG.rf.89a732fad823da7f1d4bd73f9dfbd6ce.jpg,d4/train/labels/IMG_2780_JPG.rf.89a732fad823da7f1d4bd73f9dfbd6ce.txt,train,train/images/IMG_2780_JPG.rf.89a732fad823da7f1d4bd73f9dfbd6ce.jpg,e76af7d068e822106b740d5082e8673f69c01cdd67875626ee4881c591f56c3e,72,0,,included
train/images/IMG_2285_JPG.rf.5669dccb4dd487ddd1577c019e652527.jpg,train/labels/IMG_2285_JPG.rf.5669dccb4dd487ddd1577c019e652527.txt,d4/valid/images/IMG_2285_JPG.rf.5669dccb4dd487ddd1577c019e652527.jpg,d4/valid/labels/IMG_2285_JPG.rf.5669dccb4dd487ddd1577c019e652527.txt,valid,train/images/IMG_2285_JPG.rf.5669dccb4dd487ddd1577c019e652527.jpg,73cb0247aa59140fdc0fc95b301232f5ca26b880c3e993e2527b0736716072c1,35,0,,included
train/images/IMG_2613_JPG.rf.dcabf75e75a7b4c7659bef5c0d08e9cc.jpg,train/labels/IMG_2613_JPG.rf.dcabf75e75a7b4c7659bef5c0d08e9cc.txt,d4/train/images/IMG_2613_JPG.rf.dcabf75e75a7b4c7659bef5c0d08e9cc.jpg,d4/train/labels/IMG_2613_JPG.rf.dcabf75e75a7b4c7659bef5c0d08e9cc.txt,train,train/images/IMG_2613_JPG.rf.dcabf75e75a7b4c7659bef5c0d08e9cc.jpg,6c96b4126e22f6c7246642592a78d33a0af3db818c16b3899999355d27edc291,36,0,,included
train/images/-trashed-1744297252-IMG20250228000626-Copy_jpg.rf.067f80dc51a617debce32b4d3a887d1c.jpg,train/labels/-trashed-1744297252-IMG20250228000626-Copy_jpg.rf.067f80dc51a617debce32b4d3a887d1c.txt,d4/train/images/-trashed-1744297252-IMG20250228000626-Copy_jpg.rf.067f80dc51a617debce32b4d3a887d1c.jpg,d4/train/labels/-trashed-1744297252-IMG20250228000626-Copy_jpg.rf.067f80dc51a617debce32b4d3a887d1c.txt,train,train/images/-trashed-1744297252-IMG20250228000626-Copy_jpg.rf.067f80dc51a617debce32b4d3a887d1c.jpg,1ddbb119907cc226197c263934b83b3aa65016278305f62d3f550114ecf96f4e,35,0,,included
train/images/-trashed-1731909746-IMG_20240911_222919_jpg.rf.9a3b15507f0c0937c16578669df73711.jpg,train/labels/-trashed-1731909746-IMG_20240911_222919_jpg.rf.9a3b15507f0c0937c16578669df73711.txt,d4/train/images/-trashed-1731909746-IMG_20240911_222919_jpg.rf.9a3b15507f0c0937c16578669df73711.jpg,d4/train/labels/-trashed-1731909746-IMG_20240911_222919_jpg.rf.9a3b15507f0c0937c16578669df73711.txt,train,train/images/-trashed-1731909746-IMG_20240911_222919_jpg.rf.9a3b15507f0c0937c16578669df73711.jpg,4696c6161fd56378a4321cae48be63abed52ca5efe10d61ccc9c2a973080806e,35,0,,included
train/images/A02_jpg.rf.15bac27166276acb2de9249c69f986d4.jpg,train/labels/A02_jpg.rf.15bac27166276acb2de9249c69f986d4.txt,d4/train/images/A02_jpg.rf.15bac27166276acb2de9249c69f986d4.jpg,d4/train/labels/A02_jpg.rf.15bac27166276acb2de9249c69f986d4.txt,train,train/images/A02_jpg.rf.15bac27166276acb2de9249c69f986d4.jpg,d3a34dfc0d8fb4970f2699cb0020c8f9ac91ac5f03eb29b7feb88ae54d83b247,30,0,,included
train/images/DSC00666_JPG.rf.be7dd98e712adba4a0c3e070a9c04d9f.jpg,train/labels/DSC00666_JPG.rf.be7dd98e712adba4a0c3e070a9c04d9f.txt,d4/train/images/DSC00666_JPG.rf.be7dd98e712adba4a0c3e070a9c04d9f.jpg,d4/train/labels/DSC00666_JPG.rf.be7dd98e712adba4a0c3e070a9c04d9f.txt,train,train/images/DSC00666_JPG.rf.be7dd98e712adba4a0c3e070a9c04d9f.jpg,9f90c9305528ac3347e0f75ee2d89f411b45136f83be44a303b69b71e9d7878a,34,0,,included
train/images/-trashed-1731909747-IMG_20240911_225730_jpg.rf.0740e2baeff10adec5283b3e292a925f.jpg,train/labels/-trashed-1731909747-IMG_20240911_225730_jpg.rf.0740e2baeff10adec5283b3e292a925f.txt,d4/train/images/-trashed-1731909747-IMG_20240911_225730_jpg.rf.0740e2baeff10adec5283b3e292a925f.jpg,d4/train/labels/-trashed-1731909747-IMG_20240911_225730_jpg.rf.0740e2baeff10adec5283b3e292a925f.txt,train,train/images/-trashed-1731909747-IMG_20240911_225730_jpg.rf.0740e2baeff10adec5283b3e292a925f.jpg,f64eddf1c30e4d9681bf67aa0438bc0174e85c92b41d8a9fae931f39fa273332,35,0,,included
train/images/IMG_2630_JPG.rf.37dd4b1db8f472a835ad14c1092c0288.jpg,train/labels/IMG_2630_JPG.rf.37dd4b1db8f472a835ad14c1092c0288.txt,d4/train/images/IMG_2630_JPG.rf.37dd4b1db8f472a835ad14c1092c0288.jpg,d4/train/labels/IMG_2630_JPG.rf.37dd4b1db8f472a835ad14c1092c0288.txt,train,train/images/IMG_2630_JPG.rf.37dd4b1db8f472a835ad14c1092c0288.jpg,4cb22d74d7f8f444503f56afc5c350da826214e01eb4c834ffab303239abcc4b,25,0,,included
train/images/IMG_2772_JPG.rf.0917da548bcd235574110081785d209c.jpg,train/labels/IMG_2772_JPG.rf.0917da548bcd235574110081785d209c.txt,d4/valid/images/IMG_2772_JPG.rf.0917da548bcd235574110081785d209c.jpg,d4/valid/labels/IMG_2772_JPG.rf.0917da548bcd235574110081785d209c.txt,valid,train/images/IMG_2772_JPG.rf.0917da548bcd235574110081785d209c.jpg,173ba9228df021d7964d903e8b454740d2947d49b9a024312b6401a52efc4f64,90,0,,included
train/images/IMG_2779_JPG.rf.c607bba99d085d7e54e79847559eae99.jpg,train/labels/IMG_2779_JPG.rf.c607bba99d085d7e54e79847559eae99.txt,d4/train/images/IMG_2779_JPG.rf.c607bba99d085d7e54e79847559eae99.jpg,d4/train/labels/IMG_2779_JPG.rf.c607bba99d085d7e54e79847559eae99.txt,train,train/images/IMG_2779_JPG.rf.c607bba99d085d7e54e79847559eae99.jpg,415ba77a229514d2ee7b48dd743c495273c1da4f3c8ad8864f24e640f5baacc7,72,0,,included
train/images/IMG_2277_JPG.rf.5d798180f73a43c0922df26823e5ed70.jpg,train/labels/IMG_2277_JPG.rf.5d798180f73a43c0922df26823e5ed70.txt,d4/train/images/IMG_2277_JPG.rf.5d798180f73a43c0922df26823e5ed70.jpg,d4/train/labels/IMG_2277_JPG.rf.5d798180f73a43c0922df26823e5ed70.txt,train,train/images/IMG_2277_JPG.rf.5d798180f73a43c0922df26823e5ed70.jpg,244588c6d80098d0a9bc1041c481db53f1c7f6fb080674789226a30f3457df41,60,0,,included
train/images/IMG_0354_JPG.rf.94feb42581475bbb1b4eba4cd15508dc.jpg,train/labels/IMG_0354_JPG.rf.94feb42581475bbb1b4eba4cd15508dc.txt,d4/train/images/IMG_0354_JPG.rf.94feb42581475bbb1b4eba4cd15508dc.jpg,d4/train/labels/IMG_0354_JPG.rf.94feb42581475bbb1b4eba4cd15508dc.txt,train,train/images/IMG_0354_JPG.rf.94feb42581475bbb1b4eba4cd15508dc.jpg,3ed0eebfe2ca4004a5cffd377633fa695b65a2f70b7e8465c56f69300d57ab32,24,0,,included
train/images/1769410259152_jpg.rf.2a8c8c4bb0a6674d69c52557eef7f6f7.jpg,train/labels/1769410259152_jpg.rf.2a8c8c4bb0a6674d69c52557eef7f6f7.txt,d4/train/images/1769410259152_jpg.rf.2a8c8c4bb0a6674d69c52557eef7f6f7.jpg,d4/train/labels/1769410259152_jpg.rf.2a8c8c4bb0a6674d69c52557eef7f6f7.txt,train,train/images/1769410259152_jpg.rf.2a8c8c4bb0a6674d69c52557eef7f6f7.jpg,8f9bcc43036371d472687f6868dec41b0481cc1973bcf641dcc9d3236369a515,30,0,,included
train/images/IMG_2293_JPG.rf.1a29608b41ecca5453d8d7ac4d744cd5.jpg,train/labels/IMG_2293_JPG.rf.1a29608b41ecca5453d8d7ac4d744cd5.txt,d4/train/images/IMG_2293_JPG.rf.1a29608b41ecca5453d8d7ac4d744cd5.jpg,d4/train/labels/IMG_2293_JPG.rf.1a29608b41ecca5453d8d7ac4d744cd5.txt,train,train/images/IMG_2293_JPG.rf.1a29608b41ecca5453d8d7ac4d744cd5.jpg,2d2ca464c6628804c5705998d114bfeac8957473aa6660b6eaca4c1b813a42d3,60,0,,included
train/images/WhatsApp-Image-2026-06-03-at-1-01-56-PM-4-_jpeg.rf.565ac9c631a9e7c3cdf028ae84aa6dc9.jpg,train/labels/WhatsApp-Image-2026-06-03-at-1-01-56-PM-4-_jpeg.rf.565ac9c631a9e7c3cdf028ae84aa6dc9.txt,d4/train/images/WhatsApp-Image-2026-06-03-at-1-01-56-PM-4-_jpeg.rf.565ac9c631a9e7c3cdf028ae84aa6dc9.jpg,d4/train/labels/WhatsApp-Image-2026-06-03-at-1-01-56-PM-4-_jpeg.rf.565ac9c631a9e7c3cdf028ae84aa6dc9.txt,train,train/images/WhatsApp-Image-2026-06-03-at-1-01-56-PM-4-_jpeg.rf.565ac9c631a9e7c3cdf028ae84aa6dc9.jpg,e8735f9fe6198b802ee9c5086a0a12ee32c1f90bc6b5d0972d26ea8e24be34cf,35,0,,included
train/images/DSC02125_JPG.rf.a1be50e64b796922cb5f03446f1618eb.jpg,train/labels/DSC02125_JPG.rf.a1be50e64b796922cb5f03446f1618eb.txt,d4/train/images/DSC02125_JPG.rf.a1be50e64b796922cb5f03446f1618eb.jpg,d4/train/labels/DSC02125_JPG.rf.a1be50e64b796922cb5f03446f1618eb.txt,train,train/images/DSC02125_JPG.rf.a1be50e64b796922cb5f03446f1618eb.jpg,b290dfe5ac0f1c4efdd9ef972dca8f3b70c974d2b19c87e94189985af867e74a,36,0,,included
train/images/IMG_2287_JPG.rf.4b0831a53c18efac9d1b1644a2c44386.jpg,train/labels/IMG_2287_JPG.rf.4b0831a53c18efac9d1b1644a2c44386.txt,d4/train/images/IMG_2287_JPG.rf.4b0831a53c18efac9d1b1644a2c44386.jpg,d4/train/labels/IMG_2287_JPG.rf.4b0831a53c18efac9d1b1644a2c44386.txt,train,train/images/IMG_2287_JPG.rf.4b0831a53c18efac9d1b1644a2c44386.jpg,8bfab8156d9a7f3d105a0be3253611cc0ce882c8b70a371e7a1463b54d980348,35,0,,included
train/images/1769147479471_jpg.rf.e9914101481a284fa43467771dbae257.jpg,train/labels/1769147479471_jpg.rf.e9914101481a284fa43467771dbae257.txt,d4/train/images/1769147479471_jpg.rf.e9914101481a284fa43467771dbae257.jpg,d4/train/labels/1769147479471_jpg.rf.e9914101481a284fa43467771dbae257.txt,train,train/images/1769147479471_jpg.rf.e9914101481a284fa43467771dbae257.jpg,cbc20d6a0ba1477fe10f1d23183512de1dc666ae82316333e0b9dbf843567dd1,30,0,,included
train/images/IMG_2278_JPG.rf.3548fec401975b5ec69958b653425b10.jpg,train/labels/IMG_2278_JPG.rf.3548fec401975b5ec69958b653425b10.txt,d4/train/images/IMG_2278_JPG.rf.3548fec401975b5ec69958b653425b10.jpg,d4/train/labels/IMG_2278_JPG.rf.3548fec401975b5ec69958b653425b10.txt,train,train/images/IMG_2278_JPG.rf.3548fec401975b5ec69958b653425b10.jpg,d187c34353b5858c8463e91c09582c96881e4d104668bf869f4515459f033504,60,0,,included
train/images/1768802717701_jpg.rf.cfcd1201683a61bb95e54312c6ee50ef.jpg,train/labels/1768802717701_jpg.rf.cfcd1201683a61bb95e54312c6ee50ef.txt,d4/train/images/1768802717701_jpg.rf.cfcd1201683a61bb95e54312c6ee50ef.jpg,d4/train/labels/1768802717701_jpg.rf.cfcd1201683a61bb95e54312c6ee50ef.txt,train,train/images/1768802717701_jpg.rf.cfcd1201683a61bb95e54312c6ee50ef.jpg,76bed2a804c6b742c08353d7d02a8c88ab7a081f28ab96d2685c15b836591e94,20,0,,included
train/images/1772077018925_jpg.rf.44c14d08248a32db8a21d9fe01571bfb.jpg,train/labels/1772077018925_jpg.rf.44c14d08248a32db8a21d9fe01571bfb.txt,d4/train/images/1772077018925_jpg.rf.44c14d08248a32db8a21d9fe01571bfb.jpg,d4/train/labels/1772077018925_jpg.rf.44c14d08248a32db8a21d9fe01571bfb.txt,train,train/images/1772077018925_jpg.rf.44c14d08248a32db8a21d9fe01571bfb.jpg,610214d421d7daae2b1510efe7642b9a16659e1bd9ee4ff47affd9f354778a8f,64,0,,included
train/images/IMG_0661_JPG.rf.1d3406970f45758895fcc2bfd1019ea1.jpg,train/labels/IMG_0661_JPG.rf.1d3406970f45758895fcc2bfd1019ea1.txt,d4/train/images/IMG_0661_JPG.rf.1d3406970f45758895fcc2bfd1019ea1.jpg,d4/train/labels/IMG_0661_JPG.rf.1d3406970f45758895fcc2bfd1019ea1.txt,train,train/images/IMG_0661_JPG.rf.1d3406970f45758895fcc2bfd1019ea1.jpg,d833d5e27362c36d9a24de75ba66e4d0c5a5f56f568671e73b22380f5d8e9e87,101,0,,included
train/images/IMG_0618_JPG.rf.5375e75049c7f62e32be76faad616d0f.jpg,train/labels/IMG_0618_JPG.rf.5375e75049c7f62e32be76faad616d0f.txt,d4/train/images/IMG_0618_JPG.rf.5375e75049c7f62e32be76faad616d0f.jpg,d4/train/labels/IMG_0618_JPG.rf.5375e75049c7f62e32be76faad616d0f.txt,train,train/images/IMG_0618_JPG.rf.5375e75049c7f62e32be76faad616d0f.jpg,4d341ab4f15d176381433e3ee4f445c8a2960476efddeb0d5cb87303e3da5f74,32,0,,included
train/images/1769238913152_jpg.rf.f49ddfeaa6693c9f0993893c6fcf8aef.jpg,train/labels/1769238913152_jpg.rf.f49ddfeaa6693c9f0993893c6fcf8aef.txt,d4/train/images/1769238913152_jpg.rf.f49ddfeaa6693c9f0993893c6fcf8aef.jpg,d4/train/labels/1769238913152_jpg.rf.f49ddfeaa6693c9f0993893c6fcf8aef.txt,train,train/images/1769238913152_jpg.rf.f49ddfeaa6693c9f0993893c6fcf8aef.jpg,f3fa799152f7246b2f04f289e39d1dae816b1ebbc6c6d5883db169cb8fe7f06f,72,0,,included
train/images/IMG_0352_JPG.rf.b5445e5dd2694ce11e856f0a34aaed4a.jpg,train/labels/IMG_0352_JPG.rf.b5445e5dd2694ce11e856f0a34aaed4a.txt,d4/test/images/IMG_0352_JPG.rf.b5445e5dd2694ce11e856f0a34aaed4a.jpg,d4/test/labels/IMG_0352_JPG.rf.b5445e5dd2694ce11e856f0a34aaed4a.txt,test,train/images/IMG_0352_JPG.rf.b5445e5dd2694ce11e856f0a34aaed4a.jpg,e83b79b5a8235122648a14321daa060bdf56259685f8caf38ab6d8a9735a0779,24,0,,included
train/images/IMG_0625_JPG.rf.9038ae4656eb7507dde647adc921abab.jpg,train/labels/IMG_0625_JPG.rf.9038ae4656eb7507dde647adc921abab.txt,d4/train/images/IMG_0625_JPG.rf.9038ae4656eb7507dde647adc921abab.jpg,d4/train/labels/IMG_0625_JPG.rf.9038ae4656eb7507dde647adc921abab.txt,train,train/images/IMG_0625_JPG.rf.9038ae4656eb7507dde647adc921abab.jpg,69a99b70824d12dadfd25885a1dd57210a7f3455d62e4cb6e899f863a68201c0,30,0,,included
train/images/DSC00673_JPG.rf.9f5d9245f77e92d586d96da12b2619bf.jpg,train/labels/DSC00673_JPG.rf.9f5d9245f77e92d586d96da12b2619bf.txt,d4/train/images/DSC00673_JPG.rf.9f5d9245f77e92d586d96da12b2619bf.jpg,d4/train/labels/DSC00673_JPG.rf.9f5d9245f77e92d586d96da12b2619bf.txt,train,train/images/DSC00673_JPG.rf.9f5d9245f77e92d586d96da12b2619bf.jpg,4dcc24d8b7114d6745f613de5d6150aec85a8db56f9474825980535453aa9192,34,0,,included
train/images/-trashed-1744297251-IMG20250228000610-Copy_jpg.rf.7866890fbf50c525829fcf78cd0eacd0.jpg,train/labels/-trashed-1744297251-IMG20250228000610-Copy_jpg.rf.7866890fbf50c525829fcf78cd0eacd0.txt,d4/train/images/-trashed-1744297251-IMG20250228000610-Copy_jpg.rf.7866890fbf50c525829fcf78cd0eacd0.jpg,d4/train/labels/-trashed-1744297251-IMG20250228000610-Copy_jpg.rf.7866890fbf50c525829fcf78cd0eacd0.txt,train,train/images/-trashed-1744297251-IMG20250228000610-Copy_jpg.rf.7866890fbf50c525829fcf78cd0eacd0.jpg,587e61e16b1f769d662d89c6348d5418771e7cd21a90344354e60fcb97a839aa,35,0,,included
train/images/WhatsApp-Image-2026-06-03-at-1-01-36-PM_jpeg.rf.067cae1f6714475ee452cd33233f933a.jpg,train/labels/WhatsApp-Image-2026-06-03-at-1-01-36-PM_jpeg.rf.067cae1f6714475ee452cd33233f933a.txt,d4/train/images/WhatsApp-Image-2026-06-03-at-1-01-36-PM_jpeg.rf.067cae1f6714475ee452cd33233f933a.jpg,d4/train/labels/WhatsApp-Image-2026-06-03-at-1-01-36-PM_jpeg.rf.067cae1f6714475ee452cd33233f933a.txt,train,train/images/WhatsApp-Image-2026-06-03-at-1-01-36-PM_jpeg.rf.067cae1f6714475ee452cd33233f933a.jpg,6c6f5fa1db525ae7bac5e3be81b336e7690d70f9c3c2564119c188f5dca05c82,20,0,,included
train/images/DSC00476_JPG.rf.4abd327650786b9e0919a0547c12012b.jpg,train/labels/DSC00476_JPG.rf.4abd327650786b9e0919a0547c12012b.txt,d4/train/images/DSC00476_JPG.rf.4abd327650786b9e0919a0547c12012b.jpg,d4/train/labels/DSC00476_JPG.rf.4abd327650786b9e0919a0547c12012b.txt,train,train/images/DSC00476_JPG.rf.4abd327650786b9e0919a0547c12012b.jpg,e7b65ea89ed778bd41e2894146e56cb138666b926e710e1fca0cbe8ad697f82f,52,0,,included
train/images/IMG_2506_JPG.rf.de34ef5ac977653f6ac4d817dd121d6d.jpg,train/labels/IMG_2506_JPG.rf.de34ef5ac977653f6ac4d817dd121d6d.txt,d4/train/images/IMG_2506_JPG.rf.de34ef5ac977653f6ac4d817dd121d6d.jpg,d4/train/labels/IMG_2506_JPG.rf.de34ef5ac977653f6ac4d817dd121d6d.txt,train,train/images/IMG_2506_JPG.rf.de34ef5ac977653f6ac4d817dd121d6d.jpg,09f273a8e29e589e104d1966e549b5b65d7cde866e53ecbaff6c9ce7f28718ef,54,0,,included
train/images/IMG_2535_JPG.rf.070bcea837204bcf386544ee4df86022.jpg,train/labels/IMG_2535_JPG.rf.070bcea837204bcf386544ee4df86022.txt,d4/train/images/IMG_2535_JPG.rf.070bcea837204bcf386544ee4df86022.jpg,d4/train/labels/IMG_2535_JPG.rf.070bcea837204bcf386544ee4df86022.txt,train,train/images/IMG_2535_JPG.rf.070bcea837204bcf386544ee4df86022.jpg,704328a9642a1117ab8174199290072074874b35f483ab135b71e2385da18002,20,0,,included
train/images/IMG_2624_JPG.rf.41c243a6c06e50729d3d0422ff0d1c22.jpg,train/labels/IMG_2624_JPG.rf.41c243a6c06e50729d3d0422ff0d1c22.txt,d4/train/images/IMG_2624_JPG.rf.41c243a6c06e50729d3d0422ff0d1c22.jpg,d4/train/labels/IMG_2624_JPG.rf.41c243a6c06e50729d3d0422ff0d1c22.txt,train,train/images/IMG_2624_JPG.rf.41c243a6c06e50729d3d0422ff0d1c22.jpg,02e4cd64c0fe24e997f75681c5cfa8a39dd9d93702e7afdd682b3f40ac451335,25,0,,included
train/images/1768802552546_jpg.rf.7380d7f4e9da20682a3bf7321c493676.jpg,train/labels/1768802552546_jpg.rf.7380d7f4e9da20682a3bf7321c493676.txt,d4/train/images/1768802552546_jpg.rf.7380d7f4e9da20682a3bf7321c493676.jpg,d4/train/labels/1768802552546_jpg.rf.7380d7f4e9da20682a3bf7321c493676.txt,train,train/images/1768802552546_jpg.rf.7380d7f4e9da20682a3bf7321c493676.jpg,40433de56d467ae111005a114a5b773181bd50370eb5ecf69ba901bb5101d0e2,20,0,,included
train/images/IMG_3145_JPG.rf.7b58adc5a644aee9c7d3b39f7bd9a873.jpg,train/labels/IMG_3145_JPG.rf.7b58adc5a644aee9c7d3b39f7bd9a873.txt,d4/valid/images/IMG_3145_JPG.rf.7b58adc5a644aee9c7d3b39f7bd9a873.jpg,d4/valid/labels/IMG_3145_JPG.rf.7b58adc5a644aee9c7d3b39f7bd9a873.txt,valid,train/images/IMG_3145_JPG.rf.7b58adc5a644aee9c7d3b39f7bd9a873.jpg,def57961fb1d14fc23ed8e0bca64b862a5068abdb29d60bacfe9dbd62303e1eb,54,0,,included
train/images/19_jpg.rf.72d37dfc0bf93853ef5d7a3b99d7534f.jpg,train/labels/19_jpg.rf.72d37dfc0bf93853ef5d7a3b99d7534f.txt,d4/train/images/19_jpg.rf.72d37dfc0bf93853ef5d7a3b99d7534f.jpg,d4/train/labels/19_jpg.rf.72d37dfc0bf93853ef5d7a3b99d7534f.txt,train,train/images/19_jpg.rf.72d37dfc0bf93853ef5d7a3b99d7534f.jpg,731968f8a7857cc9908b86d298f1cbe00c4f76037446e2e9dc39f760c5c86c91,60,0,,included
train/images/1769065083666_jpg.rf.1b42bf59c236175e84a15413ed0ddc40.jpg,train/labels/1769065083666_jpg.rf.1b42bf59c236175e84a15413ed0ddc40.txt,d4/train/images/1769065083666_jpg.rf.1b42bf59c236175e84a15413ed0ddc40.jpg,d4/train/labels/1769065083666_jpg.rf.1b42bf59c236175e84a15413ed0ddc40.txt,train,train/images/1769065083666_jpg.rf.1b42bf59c236175e84a15413ed0ddc40.jpg,e39d68fefdabf2551c084eb92145ebab0cc8bc7f7b1b3e511d09781a1be6a10d,25,0,,included
train/images/IMG_2612_JPG.rf.a3a42199bf37837d6246a019e676ebef.jpg,train/labels/IMG_2612_JPG.rf.a3a42199bf37837d6246a019e676ebef.txt,d4/train/images/IMG_2612_JPG.rf.a3a42199bf37837d6246a019e676ebef.jpg,d4/train/labels/IMG_2612_JPG.rf.a3a42199bf37837d6246a019e676ebef.txt,train,train/images/IMG_2612_JPG.rf.a3a42199bf37837d6246a019e676ebef.jpg,96575d6d4f27d340d1dcb17838120539892f8eaca094eac660e2d065fd3d8a48,36,0,,included
train/images/DSC00164_JPG.rf.9631c222e97f14da1f49428566bbbfab.jpg,train/labels/DSC00164_JPG.rf.9631c222e97f14da1f49428566bbbfab.txt,d4/train/images/DSC00164_JPG.rf.9631c222e97f14da1f49428566bbbfab.jpg,d4/train/labels/DSC00164_JPG.rf.9631c222e97f14da1f49428566bbbfab.txt,train,train/images/DSC00164_JPG.rf.9631c222e97f14da1f49428566bbbfab.jpg,4ca9dbf0d70c2a66b710231774eed41c12300e1efb468909368b72208b58d1e4,168,0,,included
train/images/IMG_2610_JPG.rf.421b28dbbb4111725a88543a538d0f59.jpg,train/labels/IMG_2610_JPG.rf.421b28dbbb4111725a88543a538d0f59.txt,d4/train/images/IMG_2610_JPG.rf.421b28dbbb4111725a88543a538d0f59.jpg,d4/train/labels/IMG_2610_JPG.rf.421b28dbbb4111725a88543a538d0f59.txt,train,train/images/IMG_2610_JPG.rf.421b28dbbb4111725a88543a538d0f59.jpg,90b2dd238b549adcdbbda3e448e7d86987f95832f110a179fc030b4ba3c41794,36,0,,included
train/images/IMG_2782_JPG.rf.e11210ab1e8b801f6382f380ccce1e7c.jpg,train/labels/IMG_2782_JPG.rf.e11210ab1e8b801f6382f380ccce1e7c.txt,d4/train/images/IMG_2782_JPG.rf.e11210ab1e8b801f6382f380ccce1e7c.jpg,d4/train/labels/IMG_2782_JPG.rf.e11210ab1e8b801f6382f380ccce1e7c.txt,train,train/images/IMG_2782_JPG.rf.e11210ab1e8b801f6382f380ccce1e7c.jpg,ef826f8f3d53d8d3de4341a14d7c24e495eadb83a73a7ee863b2ba0b69f7f6a3,23,0,,included
train/images/23_jpg.rf.0d36bb9bf1e04fad8b9fba26787dfba9.jpg,train/labels/23_jpg.rf.0d36bb9bf1e04fad8b9fba26787dfba9.txt,d4/train/images/23_jpg.rf.0d36bb9bf1e04fad8b9fba26787dfba9.jpg,d4/train/labels/23_jpg.rf.0d36bb9bf1e04fad8b9fba26787dfba9.txt,train,train/images/23_jpg.rf.0d36bb9bf1e04fad8b9fba26787dfba9.jpg,b1c9ff1078b1e7877f03ce3ff812552d233ff7e97c7df1d160c5c51df52d045b,54,0,,included
train/images/IMG_2434_JPG.rf.1e0a6c1be5133aa8d15cdad9ede2371a.jpg,train/labels/IMG_2434_JPG.rf.1e0a6c1be5133aa8d15cdad9ede2371a.txt,d4/train/images/IMG_2434_JPG.rf.1e0a6c1be5133aa8d15cdad9ede2371a.jpg,d4/train/labels/IMG_2434_JPG.rf.1e0a6c1be5133aa8d15cdad9ede2371a.txt,train,train/images/IMG_2434_JPG.rf.1e0a6c1be5133aa8d15cdad9ede2371a.jpg,5976dd6479817f97dcbc555e6d7cbf0fe86572a7b2f6514b159a16ab5eb02503,42,0,,included
train/images/1769076936849_jpg.rf.8ba48eedbce474b0a72301a5d024e3b1.jpg,train/labels/1769076936849_jpg.rf.8ba48eedbce474b0a72301a5d024e3b1.txt,d4/train/images/1769076936849_jpg.rf.8ba48eedbce474b0a72301a5d024e3b1.jpg,d4/train/labels/1769076936849_jpg.rf.8ba48eedbce474b0a72301a5d024e3b1.txt,train,train/images/1769076936849_jpg.rf.8ba48eedbce474b0a72301a5d024e3b1.jpg,c6fa2bd57c4c350e6f050ffa2f733f8d12758a603a77b4ffd018e242322f1701,10,0,,included
train/images/DSC00667_JPG.rf.54ae7f2de93acef7019c2e77fa4f8aab.jpg,train/labels/DSC00667_JPG.rf.54ae7f2de93acef7019c2e77fa4f8aab.txt,d4/train/images/DSC00667_JPG.rf.54ae7f2de93acef7019c2e77fa4f8aab.jpg,d4/train/labels/DSC00667_JPG.rf.54ae7f2de93acef7019c2e77fa4f8aab.txt,train,train/images/DSC00667_JPG.rf.54ae7f2de93acef7019c2e77fa4f8aab.jpg,f25f8840b0b0eafb80ed3cebd9479dab3ef3217a9c4f394672a71ff466307961,34,0,,included
train/images/1768802717670_jpg.rf.d61f42e2bc08d4e40245a95117a7f88b.jpg,train/labels/1768802717670_jpg.rf.d61f42e2bc08d4e40245a95117a7f88b.txt,d4/train/images/1768802717670_jpg.rf.d61f42e2bc08d4e40245a95117a7f88b.jpg,d4/train/labels/1768802717670_jpg.rf.d61f42e2bc08d4e40245a95117a7f88b.txt,train,train/images/1768802717670_jpg.rf.d61f42e2bc08d4e40245a95117a7f88b.jpg,0cb9f8c758980eb89327538afe8e4ceca0af011d3c5603d6c20444f2b5b57474,20,0,,included
train/images/IMG_0455_JPG.rf.842db9c2b02e60188e0633c2a131ac30.jpg,train/labels/IMG_0455_JPG.rf.842db9c2b02e60188e0633c2a131ac30.txt,d4/train/images/IMG_0455_JPG.rf.842db9c2b02e60188e0633c2a131ac30.jpg,d4/train/labels/IMG_0455_JPG.rf.842db9c2b02e60188e0633c2a131ac30.txt,train,train/images/IMG_0455_JPG.rf.842db9c2b02e60188e0633c2a131ac30.jpg,c464f1dd4f0f56c54a30d98c02276a880624f65d32e6a7607918b7f58ce3702a,30,0,,included
train/images/IMG_2271_JPG.rf.3e835871dee1be47e5dec9c143d95faa.jpg,train/labels/IMG_2271_JPG.rf.3e835871dee1be47e5dec9c143d95faa.txt,d4/train/images/IMG_2271_JPG.rf.3e835871dee1be47e5dec9c143d95faa.jpg,d4/train/labels/IMG_2271_JPG.rf.3e835871dee1be47e5dec9c143d95faa.txt,train,train/images/IMG_2271_JPG.rf.3e835871dee1be47e5dec9c143d95faa.jpg,84bc8ffad80618ce9e41b7539e5d6313961b6b9292ea75913c311d0b7763e2c8,66,0,,included
train/images/IMG_2262_JPG.rf.08697f3839abcfadb2c39f9627b2608d.jpg,train/labels/IMG_2262_JPG.rf.08697f3839abcfadb2c39f9627b2608d.txt,d4/train/images/IMG_2262_JPG.rf.08697f3839abcfadb2c39f9627b2608d.jpg,d4/train/labels/IMG_2262_JPG.rf.08697f3839abcfadb2c39f9627b2608d.txt,train,train/images/IMG_2262_JPG.rf.08697f3839abcfadb2c39f9627b2608d.jpg,e0c88728a8990bb62dbfb0e536af4cb345bfb233d05414b9a0f228e9649d74a8,49,0,,included
train/images/IMG_2501_JPG.rf.84a61a109014d21ca2f793a932406853.jpg,train/labels/IMG_2501_JPG.rf.84a61a109014d21ca2f793a932406853.txt,d4/train/images/IMG_2501_JPG.rf.84a61a109014d21ca2f793a932406853.jpg,d4/train/labels/IMG_2501_JPG.rf.84a61a109014d21ca2f793a932406853.txt,train,train/images/IMG_2501_JPG.rf.84a61a109014d21ca2f793a932406853.jpg,42b170c045196591f7d58233ad9b0f0baa56bc37ac6390b528f98137fa1739a4,99,0,,included
train/images/1769147479414_jpg.rf.1420c4f44fb4c6e194a067713a14fa96.jpg,train/labels/1769147479414_jpg.rf.1420c4f44fb4c6e194a067713a14fa96.txt,d4/train/images/1769147479414_jpg.rf.1420c4f44fb4c6e194a067713a14fa96.jpg,d4/train/labels/1769147479414_jpg.rf.1420c4f44fb4c6e194a067713a14fa96.txt,train,train/images/1769147479414_jpg.rf.1420c4f44fb4c6e194a067713a14fa96.jpg,b39a35d2f04cfad8af677ea12b58477fd5422bb84c647fff9b5b8f338bfb157a,48,0,,included
train/images/1769238913147_jpg.rf.8f5f8fdf94b8e8cabb8fd37cf345d3ad.jpg,train/labels/1769238913147_jpg.rf.8f5f8fdf94b8e8cabb8fd37cf345d3ad.txt,d4/train/images/1769238913147_jpg.rf.8f5f8fdf94b8e8cabb8fd37cf345d3ad.jpg,d4/train/labels/1769238913147_jpg.rf.8f5f8fdf94b8e8cabb8fd37cf345d3ad.txt,train,train/images/1769238913147_jpg.rf.8f5f8fdf94b8e8cabb8fd37cf345d3ad.jpg,8c7a6e0aeae899bebfeef8f7c742ce0e4072fde0ca39592a3c5069aa4943ea63,72,0,,included
train/images/IMG_2997_JPG.rf.0e1e25b5496cbb2f87805fba6a1eaad7.jpg,train/labels/IMG_2997_JPG.rf.0e1e25b5496cbb2f87805fba6a1eaad7.txt,d4/train/images/IMG_2997_JPG.rf.0e1e25b5496cbb2f87805fba6a1eaad7.jpg,d4/train/labels/IMG_2997_JPG.rf.0e1e25b5496cbb2f87805fba6a1eaad7.txt,train,train/images/IMG_2997_JPG.rf.0e1e25b5496cbb2f87805fba6a1eaad7.jpg,3820f01f355146b12a314d6be842c9b681ec26d7b7420601cfd0a941519b9f9e,42,0,,included
train/images/DSC00726_JPG.rf.9cf921f20c001a2bdb527a3977277ea2.jpg,train/labels/DSC00726_JPG.rf.9cf921f20c001a2bdb527a3977277ea2.txt,d4/train/images/DSC00726_JPG.rf.9cf921f20c001a2bdb527a3977277ea2.jpg,d4/train/labels/DSC00726_JPG.rf.9cf921f20c001a2bdb527a3977277ea2.txt,train,train/images/DSC00726_JPG.rf.9cf921f20c001a2bdb527a3977277ea2.jpg,92c48e629c356b8dc6e40e025e48ec99e0be0f3ad850992703596b3615a9936c,169,0,,included
train/images/6_jpg.rf.5de2aaff3d489b591e53e2cccf6ddc37.jpg,train/labels/6_jpg.rf.5de2aaff3d489b591e53e2cccf6ddc37.txt,d4/train/images/6_jpg.rf.5de2aaff3d489b591e53e2cccf6ddc37.jpg,d4/train/labels/6_jpg.rf.5de2aaff3d489b591e53e2cccf6ddc37.txt,train,train/images/6_jpg.rf.5de2aaff3d489b591e53e2cccf6ddc37.jpg,4d9bc10c8e793337fc6db654156b37c7e4d45f00c7864b25d82b6abd4fe0b262,35,0,,included
train/images/IMG_3199_JPG.rf.667f1c39f0d3d30408f36bc5d2f2b6d0.jpg,train/labels/IMG_3199_JPG.rf.667f1c39f0d3d30408f36bc5d2f2b6d0.txt,d4/test/images/IMG_3199_JPG.rf.667f1c39f0d3d30408f36bc5d2f2b6d0.jpg,d4/test/labels/IMG_3199_JPG.rf.667f1c39f0d3d30408f36bc5d2f2b6d0.txt,test,train/images/IMG_3199_JPG.rf.667f1c39f0d3d30408f36bc5d2f2b6d0.jpg,a181c389f44e6667889337e76e028d2192ca36aa523f350fe590d5c91572bd54,29,0,,included
train/images/IMG_0480_JPG.rf.6ac36f524d100736b58106a0effb0164.jpg,train/labels/IMG_0480_JPG.rf.6ac36f524d100736b58106a0effb0164.txt,d4/train/images/IMG_0480_JPG.rf.6ac36f524d100736b58106a0effb0164.jpg,d4/train/labels/IMG_0480_JPG.rf.6ac36f524d100736b58106a0effb0164.txt,train,train/images/IMG_0480_JPG.rf.6ac36f524d100736b58106a0effb0164.jpg,46d5068fae2591f244d27aab99fb7db79c4d11067fb21f6cef867e5ead69b436,20,0,,included
train/images/13-0_jpg.rf.8ac841c33753687d056747d3852d19b8.jpg,train/labels/13-0_jpg.rf.8ac841c33753687d056747d3852d19b8.txt,d4/train/images/13-0_jpg.rf.8ac841c33753687d056747d3852d19b8.jpg,d4/train/labels/13-0_jpg.rf.8ac841c33753687d056747d3852d19b8.txt,train,train/images/13-0_jpg.rf.8ac841c33753687d056747d3852d19b8.jpg,a135290ea85aa7847738ac03dd3d84414d8e713f4466f72b20481017bba4ee90,18,0,,included
train/images/IMG_2718_JPG.rf.c6997d0e6ac91624300ac59582311866.jpg,train/labels/IMG_2718_JPG.rf.c6997d0e6ac91624300ac59582311866.txt,d4/train/images/IMG_2718_JPG.rf.c6997d0e6ac91624300ac59582311866.jpg,d4/train/labels/IMG_2718_JPG.rf.c6997d0e6ac91624300ac59582311866.txt,train,train/images/IMG_2718_JPG.rf.c6997d0e6ac91624300ac59582311866.jpg,038ff8628c3319c5fd94b69458c5e09d985d1fcd52ddbaeca844cefc9a4b5301,30,0,,included
train/images/1769238913138_jpg.rf.f4a92253a58785737f254cdf064e6ff6.jpg,train/labels/1769238913138_jpg.rf.f4a92253a58785737f254cdf064e6ff6.txt,d4/valid/images/1769238913138_jpg.rf.f4a92253a58785737f254cdf064e6ff6.jpg,d4/valid/labels/1769238913138_jpg.rf.f4a92253a58785737f254cdf064e6ff6.txt,valid,train/images/1769238913138_jpg.rf.f4a92253a58785737f254cdf064e6ff6.jpg,09de39ae2861e2c38cdaa3e430368f6f88634e0729b95fe1f6ae3fd8bdc7a130,72,0,,included
train/images/DSC00265_JPG.rf.2c38d522bc6c17915c22dd4a9965688a.jpg,train/labels/DSC00265_JPG.rf.2c38d522bc6c17915c22dd4a9965688a.txt,d4/train/images/DSC00265_JPG.rf.2c38d522bc6c17915c22dd4a9965688a.jpg,d4/train/labels/DSC00265_JPG.rf.2c38d522bc6c17915c22dd4a9965688a.txt,train,train/images/DSC00265_JPG.rf.2c38d522bc6c17915c22dd4a9965688a.jpg,00ffafec4573bc51f821e9ae57e26372bf0b1d583803dd7337c510c5afa5a303,30,0,,included
train/images/IMG_2641_JPG.rf.e29cca4f7b8f2373dae458d31aeced5b.jpg,train/labels/IMG_2641_JPG.rf.e29cca4f7b8f2373dae458d31aeced5b.txt,d4/train/images/IMG_2641_JPG.rf.e29cca4f7b8f2373dae458d31aeced5b.jpg,d4/train/labels/IMG_2641_JPG.rf.e29cca4f7b8f2373dae458d31aeced5b.txt,train,train/images/IMG_2641_JPG.rf.e29cca4f7b8f2373dae458d31aeced5b.jpg,053a261c11eec02126ebc66a3a6c88501b9455eebce55470163c01de5eeb00c5,54,0,,included
train/images/IMG_2991_JPG.rf.c311e9e06062559bdbb22715e9bee94b.jpg,train/labels/IMG_2991_JPG.rf.c311e9e06062559bdbb22715e9bee94b.txt,d4/train/images/IMG_2991_JPG.rf.c311e9e06062559bdbb22715e9bee94b.jpg,d4/train/labels/IMG_2991_JPG.rf.c311e9e06062559bdbb22715e9bee94b.txt,train,train/images/IMG_2991_JPG.rf.c311e9e06062559bdbb22715e9bee94b.jpg,1dcbe4c6f1fb9f01adeb1b5ab06601ea1bf793c02115b3a1e6929e65e15ddbdf,39,0,,included
train/images/DSC00710_JPG.rf.8c8e3e2d9ca456d01857e47afb760c4a.jpg,train/labels/DSC00710_JPG.rf.8c8e3e2d9ca456d01857e47afb760c4a.txt,d4/train/images/DSC00710_JPG.rf.8c8e3e2d9ca456d01857e47afb760c4a.jpg,d4/train/labels/DSC00710_JPG.rf.8c8e3e2d9ca456d01857e47afb760c4a.txt,train,train/images/DSC00710_JPG.rf.8c8e3e2d9ca456d01857e47afb760c4a.jpg,15f7b31071274bb51b5369c28fd0fc03f1f0f48ad3c008f7434c5eeb22e80541,19,0,,included
train/images/25_jpg.rf.c44be91ce4208428aaface6366f81f4d.jpg,train/labels/25_jpg.rf.c44be91ce4208428aaface6366f81f4d.txt,d4/test/images/25_jpg.rf.c44be91ce4208428aaface6366f81f4d.jpg,d4/test/labels/25_jpg.rf.c44be91ce4208428aaface6366f81f4d.txt,test,train/images/25_jpg.rf.c44be91ce4208428aaface6366f81f4d.jpg,6ef5e808e0137a5ecc26ef1fa8dd1fd1676e494ee7e30b94df9dc623f40e12cc,60,0,,included
train/images/1769410259192_jpg.rf.0566ff52792d8e8fd671776df3d763ba.jpg,train/labels/1769410259192_jpg.rf.0566ff52792d8e8fd671776df3d763ba.txt,d4/train/images/1769410259192_jpg.rf.0566ff52792d8e8fd671776df3d763ba.jpg,d4/train/labels/1769410259192_jpg.rf.0566ff52792d8e8fd671776df3d763ba.txt,train,train/images/1769410259192_jpg.rf.0566ff52792d8e8fd671776df3d763ba.jpg,3da53c6d55a378f1f9a94431c739dc29294f1445f225550053ecc4d250790561,30,0,,included
train/images/IMG_2861_JPG.rf.73bac8acae5aa3c1744c3c1a9b1859b8.jpg,train/labels/IMG_2861_JPG.rf.73bac8acae5aa3c1744c3c1a9b1859b8.txt,d4/train/images/IMG_2861_JPG.rf.73bac8acae5aa3c1744c3c1a9b1859b8.jpg,d4/train/labels/IMG_2861_JPG.rf.73bac8acae5aa3c1744c3c1a9b1859b8.txt,train,train/images/IMG_2861_JPG.rf.73bac8acae5aa3c1744c3c1a9b1859b8.jpg,3e5952f98f188f6876786a0d9a0061f975de80ccbafe7aa26015d779166f40a5,25,0,,included
train/images/IMG_0688_JPG.rf.762308bda34f6cd470863e7b0134516b.jpg,train/labels/IMG_0688_JPG.rf.762308bda34f6cd470863e7b0134516b.txt,d4/train/images/IMG_0688_JPG.rf.762308bda34f6cd470863e7b0134516b.jpg,d4/train/labels/IMG_0688_JPG.rf.762308bda34f6cd470863e7b0134516b.txt,train,train/images/IMG_0688_JPG.rf.762308bda34f6cd470863e7b0134516b.jpg,f0f80693f7cf1ab6b256bee37084049cc98667dd91b20e04404fe59bc07d8811,72,0,,included
train/images/27_jpg.rf.97b3c59bbc3f1f36250ee49ac5a18931.jpg,train/labels/27_jpg.rf.97b3c59bbc3f1f36250ee49ac5a18931.txt,d4/test/images/27_jpg.rf.97b3c59bbc3f1f36250ee49ac5a18931.jpg,d4/test/labels/27_jpg.rf.97b3c59bbc3f1f36250ee49ac5a18931.txt,test,train/images/27_jpg.rf.97b3c59bbc3f1f36250ee49ac5a18931.jpg,d3b3d2fe4a11f6a3c2206631dc7014f9686190877e3cd29ea9917731755e85b1,60,0,,included
train/images/IMG_2886_JPG.rf.c3830d6ad68f92f6538d06a3b30561fc.jpg,train/labels/IMG_2886_JPG.rf.c3830d6ad68f92f6538d06a3b30561fc.txt,d4/test/images/IMG_2886_JPG.rf.c3830d6ad68f92f6538d06a3b30561fc.jpg,d4/test/labels/IMG_2886_JPG.rf.c3830d6ad68f92f6538d06a3b30561fc.txt,test,train/images/IMG_2886_JPG.rf.c3830d6ad68f92f6538d06a3b30561fc.jpg,0ed3c00cf4f18910dff312bde3101c3187b707dbb7989c261120fc174d06cb53,24,0,,included
train/images/1768802851987_jpg.rf.54295113efbfad926f66b410c9a3bc3b.jpg,train/labels/1768802851987_jpg.rf.54295113efbfad926f66b410c9a3bc3b.txt,d4/train/images/1768802851987_jpg.rf.54295113efbfad926f66b410c9a3bc3b.jpg,d4/train/labels/1768802851987_jpg.rf.54295113efbfad926f66b410c9a3bc3b.txt,train,train/images/1768802851987_jpg.rf.54295113efbfad926f66b410c9a3bc3b.jpg,e00e71607b488c9ebd4e5e451414a16e26cc43f47c3d50fb197120648f12b034,25,0,,included
train/images/DSC00668_JPG.rf.7c84c62fd1ac1f3533bd2551d4e18427.jpg,train/labels/DSC00668_JPG.rf.7c84c62fd1ac1f3533bd2551d4e18427.txt,d4/train/images/DSC00668_JPG.rf.7c84c62fd1ac1f3533bd2551d4e18427.jpg,d4/train/labels/DSC00668_JPG.rf.7c84c62fd1ac1f3533bd2551d4e18427.txt,train,train/images/DSC00668_JPG.rf.7c84c62fd1ac1f3533bd2551d4e18427.jpg,a0a1ba2adcd40d3ec1c20eb5a1abdf7605eb8f3aa8a8a86adb72c6816f6a069a,34,0,,included
train/images/IMG_0597_JPG.rf.b9d424abb875a4615cd5fe9d1ff971c0.jpg,train/labels/IMG_0597_JPG.rf.b9d424abb875a4615cd5fe9d1ff971c0.txt,d4/train/images/IMG_0597_JPG.rf.b9d424abb875a4615cd5fe9d1ff971c0.jpg,d4/train/labels/IMG_0597_JPG.rf.b9d424abb875a4615cd5fe9d1ff971c0.txt,train,train/images/IMG_0597_JPG.rf.b9d424abb875a4615cd5fe9d1ff971c0.jpg,e9d524fb69bc4bb2b8d9668b8ea4da8d1fdba9405fc8dff6611d4a07e2720493,49,0,,included
train/images/1768894395026_jpg.rf.fc49d18c3a9051cae530bc1347299c86.jpg,train/labels/1768894395026_jpg.rf.fc49d18c3a9051cae530bc1347299c86.txt,d4/test/images/1768894395026_jpg.rf.fc49d18c3a9051cae530bc1347299c86.jpg,d4/test/labels/1768894395026_jpg.rf.fc49d18c3a9051cae530bc1347299c86.txt,test,train/images/1768894395026_jpg.rf.fc49d18c3a9051cae530bc1347299c86.jpg,f606a9ef8d6ead756d34dfb56b95dd5ccc1c3596ae3353a5aba3b88a57b164eb,20,0,,included
train/images/IMG_0590_JPG.rf.ebba76848e6943f29af6537f6a5cae58.jpg,train/labels/IMG_0590_JPG.rf.ebba76848e6943f29af6537f6a5cae58.txt,d4/train/images/IMG_0590_JPG.rf.ebba76848e6943f29af6537f6a5cae58.jpg,d4/train/labels/IMG_0590_JPG.rf.ebba76848e6943f29af6537f6a5cae58.txt,train,train/images/IMG_0590_JPG.rf.ebba76848e6943f29af6537f6a5cae58.jpg,6aa5d22794ed93f33cd90a70f9484058d5075a01f27eca7f7e835a71f7f376ce,38,0,,included
train/images/IMG_3276_JPG.rf.64490a7144a20551e36d094295feb799.jpg,train/labels/IMG_3276_JPG.rf.64490a7144a20551e36d094295feb799.txt,d4/train/images/IMG_3276_JPG.rf.64490a7144a20551e36d094295feb799.jpg,d4/train/labels/IMG_3276_JPG.rf.64490a7144a20551e36d094295feb799.txt,train,train/images/IMG_3276_JPG.rf.64490a7144a20551e36d094295feb799.jpg,c19c2173b2977a5bc9bb66888c89f918109db47eefe84bf2699e80a2b23e93e3,39,0,,included
train/images/1769147229806_jpg.rf.299df15f7d72d90f434eb1e0c68c3f8b.jpg,train/labels/1769147229806_jpg.rf.299df15f7d72d90f434eb1e0c68c3f8b.txt,d4/test/images/1769147229806_jpg.rf.299df15f7d72d90f434eb1e0c68c3f8b.jpg,d4/test/labels/1769147229806_jpg.rf.299df15f7d72d90f434eb1e0c68c3f8b.txt,test,train/images/1769147229806_jpg.rf.299df15f7d72d90f434eb1e0c68c3f8b.jpg,6bf2eed2f82c8f6db51cf74bbd38cd7b97b1064179a1142de2b4349c5d24e326,26,0,,included
train/images/DSC03392_JPG.rf.688f827353ff4fa2afccf07ee4deee49.jpg,train/labels/DSC03392_JPG.rf.688f827353ff4fa2afccf07ee4deee49.txt,d4/test/images/DSC03392_JPG.rf.688f827353ff4fa2afccf07ee4deee49.jpg,d4/test/labels/DSC03392_JPG.rf.688f827353ff4fa2afccf07ee4deee49.txt,test,train/images/DSC03392_JPG.rf.688f827353ff4fa2afccf07ee4deee49.jpg,739543da67d1011a84a2571b1b0594ca957e78f38279c44b46ba13f36e41c128,25,0,,included
train/images/1-2-_jpg.rf.c3462b6350a79fef68dc027bb0a5219c.jpg,train/labels/1-2-_jpg.rf.c3462b6350a79fef68dc027bb0a5219c.txt,d4/valid/images/1-2-_jpg.rf.c3462b6350a79fef68dc027bb0a5219c.jpg,d4/valid/labels/1-2-_jpg.rf.c3462b6350a79fef68dc027bb0a5219c.txt,valid,train/images/1-2-_jpg.rf.c3462b6350a79fef68dc027bb0a5219c.jpg,9ba05eac87ea69ff5274724ea82acffd5a9e0e582479b92b23683d01dfa0e028,46,0,,included
train/images/1769147229669_jpg.rf.9fcd50ecec7997eb44289d88f26640da.jpg,train/labels/1769147229669_jpg.rf.9fcd50ecec7997eb44289d88f26640da.txt,d4/train/images/1769147229669_jpg.rf.9fcd50ecec7997eb44289d88f26640da.jpg,d4/train/labels/1769147229669_jpg.rf.9fcd50ecec7997eb44289d88f26640da.txt,train,train/images/1769147229669_jpg.rf.9fcd50ecec7997eb44289d88f26640da.jpg,c9104a04cef8767be472206776dcadd76a22df6b08f00e4fb0e220e27197a2df,26,0,,included
train/images/IMG_2560_JPG.rf.2a96aa79405310cd0e746f29c2c28316.jpg,train/labels/IMG_2560_JPG.rf.2a96aa79405310cd0e746f29c2c28316.txt,d4/train/images/IMG_2560_JPG.rf.2a96aa79405310cd0e746f29c2c28316.jpg,d4/train/labels/IMG_2560_JPG.rf.2a96aa79405310cd0e746f29c2c28316.txt,train,train/images/IMG_2560_JPG.rf.2a96aa79405310cd0e746f29c2c28316.jpg,6f62b2cad03712c3a4db978031bff2cf885c6e0f955933d48f909f3d520520af,20,0,,included
train/images/IMG_3018_JPG.rf.094b2bbf3282f247e89db65e00dc3235.jpg,train/labels/IMG_3018_JPG.rf.094b2bbf3282f247e89db65e00dc3235.txt,d4/train/images/IMG_3018_JPG.rf.094b2bbf3282f247e89db65e00dc3235.jpg,d4/train/labels/IMG_3018_JPG.rf.094b2bbf3282f247e89db65e00dc3235.txt,train,train/images/IMG_3018_JPG.rf.094b2bbf3282f247e89db65e00dc3235.jpg,1106841b87e7d271e14df3c63428cb0fbce57f38fd1e8afe18dc9070050546b1,24,0,,included
train/images/IMG_0479_JPG.rf.9aa2a0edf76e7bf88120110a95008b06.jpg,train/labels/IMG_0479_JPG.rf.9aa2a0edf76e7bf88120110a95008b06.txt,d4/test/images/IMG_0479_JPG.rf.9aa2a0edf76e7bf88120110a95008b06.jpg,d4/test/labels/IMG_0479_JPG.rf.9aa2a0edf76e7bf88120110a95008b06.txt,test,train/images/IMG_0479_JPG.rf.9aa2a0edf76e7bf88120110a95008b06.jpg,253087b536472dd75fb0df468ad27dfa34ed621fcc0da821dcd682d7ec6eb7fd,20,0,,included
train/images/IMG_2484_JPG.rf.b7ac447dc791831be16c122c5e9e1594.jpg,train/labels/IMG_2484_JPG.rf.b7ac447dc791831be16c122c5e9e1594.txt,d4/train/images/IMG_2484_JPG.rf.b7ac447dc791831be16c122c5e9e1594.jpg,d4/train/labels/IMG_2484_JPG.rf.b7ac447dc791831be16c122c5e9e1594.txt,train,train/images/IMG_2484_JPG.rf.b7ac447dc791831be16c122c5e9e1594.jpg,769979f5be0a5e99e8e59649f894a457ad58338bc33c18e5c34043413b0318fb,47,0,,included
train/images/DSC00712_JPG.rf.2248f9ef11d410d75f9efbe3c1500666.jpg,train/labels/DSC00712_JPG.rf.2248f9ef11d410d75f9efbe3c1500666.txt,d4/train/images/DSC00712_JPG.rf.2248f9ef11d410d75f9efbe3c1500666.jpg,d4/train/labels/DSC00712_JPG.rf.2248f9ef11d410d75f9efbe3c1500666.txt,train,train/images/DSC00712_JPG.rf.2248f9ef11d410d75f9efbe3c1500666.jpg,4d3fdf60def95a504eccfe9717d409dd400ca6b2bf15d17a7f8c39a357ce6c79,19,0,,included
train/images/IMG_3217_JPG.rf.0512873ac975fa14025188382e82e1ba.jpg,train/labels/IMG_3217_JPG.rf.0512873ac975fa14025188382e82e1ba.txt,d4/train/images/IMG_3217_JPG.rf.0512873ac975fa14025188382e82e1ba.jpg,d4/train/labels/IMG_3217_JPG.rf.0512873ac975fa14025188382e82e1ba.txt,train,train/images/IMG_3217_JPG.rf.0512873ac975fa14025188382e82e1ba.jpg,00091a27f2d64730d8d716b79c298897c83679782ee21bbb048a932b02f4d903,41,0,,included
train/images/DSC00063_JPG.rf.943edf7214282307d5f1e2e6155de5b8.jpg,train/labels/DSC00063_JPG.rf.943edf7214282307d5f1e2e6155de5b8.txt,d4/test/images/DSC00063_JPG.rf.943edf7214282307d5f1e2e6155de5b8.jpg,d4/test/labels/DSC00063_JPG.rf.943edf7214282307d5f1e2e6155de5b8.txt,test,train/images/DSC00063_JPG.rf.943edf7214282307d5f1e2e6155de5b8.jpg,452c94d1ce6b777b1c15b38fd4d71bdf9b53cb1aa341c7fa948c19685f64ed66,35,0,,included
train/images/WhatsApp-Image-2026-06-03-at-1-01-35-PM_jpeg.rf.19b7665d3adfb33bf1e7d6d345c1cd64.jpg,train/labels/WhatsApp-Image-2026-06-03-at-1-01-35-PM_jpeg.rf.19b7665d3adfb33bf1e7d6d345c1cd64.txt,d4/valid/images/WhatsApp-Image-2026-06-03-at-1-01-35-PM_jpeg.rf.19b7665d3adfb33bf1e7d6d345c1cd64.jpg,d4/valid/labels/WhatsApp-Image-2026-06-03-at-1-01-35-PM_jpeg.rf.19b7665d3adfb33bf1e7d6d345c1cd64.txt,valid,train/images/WhatsApp-Image-2026-06-03-at-1-01-35-PM_jpeg.rf.19b7665d3adfb33bf1e7d6d345c1cd64.jpg,550d3fecd0e080686785d961f6b72c85354755dbfba0452d8b743241a995324a,39,0,,included
train/images/IMG_0513_JPG.rf.ccda58ec489158bedf784a878a35199c.jpg,train/labels/IMG_0513_JPG.rf.ccda58ec489158bedf784a878a35199c.txt,d4/train/images/IMG_0513_JPG.rf.ccda58ec489158bedf784a878a35199c.jpg,d4/train/labels/IMG_0513_JPG.rf.ccda58ec489158bedf784a878a35199c.txt,train,train/images/IMG_0513_JPG.rf.ccda58ec489158bedf784a878a35199c.jpg,bf88319c986aaef6d8ff090bdd0942c65bb5858ce2f3edc85463a1021f2d476c,35,0,,included
train/images/-trashed-1732390498-IMG_20241002_232319_jpg.rf.76332e9cf156d4714cebc16260bcbf40.jpg,train/labels/-trashed-1732390498-IMG_20241002_232319_jpg.rf.76332e9cf156d4714cebc16260bcbf40.txt,d4/valid/images/-trashed-1732390498-IMG_20241002_232319_jpg.rf.76332e9cf156d4714cebc16260bcbf40.jpg,d4/valid/labels/-trashed-1732390498-IMG_20241002_232319_jpg.rf.76332e9cf156d4714cebc16260bcbf40.txt,valid,train/images/-trashed-1732390498-IMG_20241002_232319_jpg.rf.76332e9cf156d4714cebc16260bcbf40.jpg,4de44a5e9d37ea21d432a243d359d0d85f78d8e8bd34d8e1908ea0435a216277,35,0,,included
train/images/IMG_2707_JPG.rf.311f47baa19b603c58bf954158904de1.jpg,train/labels/IMG_2707_JPG.rf.311f47baa19b603c58bf954158904de1.txt,d4/train/images/IMG_2707_JPG.rf.311f47baa19b603c58bf954158904de1.jpg,d4/train/labels/IMG_2707_JPG.rf.311f47baa19b603c58bf954158904de1.txt,train,train/images/IMG_2707_JPG.rf.311f47baa19b603c58bf954158904de1.jpg,d7770d3d8f325ac46eb99f28cb8db51fe91ee6cd4db36e21dd4e438a1a9e7e29,30,0,,included
train/images/IMG_2722_JPG.rf.8a84743dfd00d508bcf3c2ba3d5f1b52.jpg,train/labels/IMG_2722_JPG.rf.8a84743dfd00d508bcf3c2ba3d5f1b52.txt,d4/train/images/IMG_2722_JPG.rf.8a84743dfd00d508bcf3c2ba3d5f1b52.jpg,d4/train/labels/IMG_2722_JPG.rf.8a84743dfd00d508bcf3c2ba3d5f1b52.txt,train,train/images/IMG_2722_JPG.rf.8a84743dfd00d508bcf3c2ba3d5f1b52.jpg,aaed98aa3710db5a7154627ade5c4aa58cddce38d6d6f50fb381ef2406a2e12c,30,0,,included
train/images/IMG_3152_JPG.rf.1fa233f00082acb6ca36ca551d90d300.jpg,train/labels/IMG_3152_JPG.rf.1fa233f00082acb6ca36ca551d90d300.txt,d4/test/images/IMG_3152_JPG.rf.1fa233f00082acb6ca36ca551d90d300.jpg,d4/test/labels/IMG_3152_JPG.rf.1fa233f00082acb6ca36ca551d90d300.txt,test,train/images/IMG_3152_JPG.rf.1fa233f00082acb6ca36ca551d90d300.jpg,20e85bb6637902fdd9614c74e23a5969c69b7b05f1a0cfe0daadbb228d035851,44,0,,included
train/images/15_jpg.rf.3e0fe79930b693e290dd4a4f2002974c.jpg,train/labels/15_jpg.rf.3e0fe79930b693e290dd4a4f2002974c.txt,d4/train/images/15_jpg.rf.3e0fe79930b693e290dd4a4f2002974c.jpg,d4/train/labels/15_jpg.rf.3e0fe79930b693e290dd4a4f2002974c.txt,train,train/images/15_jpg.rf.3e0fe79930b693e290dd4a4f2002974c.jpg,1215cd216a9de4c9abddfd50da2846a7a632f844d0a314f45d31e0b8d14a9952,60,0,,included
train/images/1768893347168_jpg.rf.00bad57b62c21110b63f92a019159128.jpg,train/labels/1768893347168_jpg.rf.00bad57b62c21110b63f92a019159128.txt,d4/train/images/1768893347168_jpg.rf.00bad57b62c21110b63f92a019159128.jpg,d4/train/labels/1768893347168_jpg.rf.00bad57b62c21110b63f92a019159128.txt,train,train/images/1768893347168_jpg.rf.00bad57b62c21110b63f92a019159128.jpg,b53fc41ced0c04839c5cbd081e773288354492da966d0fea0677d3d7b620e86b,21,0,,included
train/images/1768893347173_jpg.rf.89d15632948b4a07d9a386c90575cd83.jpg,train/labels/1768893347173_jpg.rf.89d15632948b4a07d9a386c90575cd83.txt,d4/train/images/1768893347173_jpg.rf.89d15632948b4a07d9a386c90575cd83.jpg,d4/train/labels/1768893347173_jpg.rf.89d15632948b4a07d9a386c90575cd83.txt,train,train/images/1768893347173_jpg.rf.89d15632948b4a07d9a386c90575cd83.jpg,3fabc6407b856f2b4672be55f3d32aeae6c1d9291c31cc0ab925aedc42e4722a,21,0,,included
train/images/17-2-_jpg.rf.ce69e25dfc7f248daaaf833c25bbef2f.jpg,train/labels/17-2-_jpg.rf.ce69e25dfc7f248daaaf833c25bbef2f.txt,d4/train/images/17-2-_jpg.rf.ce69e25dfc7f248daaaf833c25bbef2f.jpg,d4/train/labels/17-2-_jpg.rf.ce69e25dfc7f248daaaf833c25bbef2f.txt,train,train/images/17-2-_jpg.rf.ce69e25dfc7f248daaaf833c25bbef2f.jpg,8e877a38eb6a47c5e59b25e3a5bdc4871c0aabb98441f04957dcebcc56e1546e,29,0,,included
train/images/IMG_2908_JPG.rf.57641a1e1cf73de6c4eb260551ece307.jpg,train/labels/IMG_2908_JPG.rf.57641a1e1cf73de6c4eb260551ece307.txt,d4/train/images/IMG_2908_JPG.rf.57641a1e1cf73de6c4eb260551ece307.jpg,d4/train/labels/IMG_2908_JPG.rf.57641a1e1cf73de6c4eb260551ece307.txt,train,train/images/IMG_2908_JPG.rf.57641a1e1cf73de6c4eb260551ece307.jpg,c0e4adb16023116f9433c861e9beb18bea7d82a2e98768214922218c6c42033e,43,0,,included
train/images/IMG_2536_JPG.rf.9ee003b7d0ee51cf56229728b47ee697.jpg,train/labels/IMG_2536_JPG.rf.9ee003b7d0ee51cf56229728b47ee697.txt,d4/train/images/IMG_2536_JPG.rf.9ee003b7d0ee51cf56229728b47ee697.jpg,d4/train/labels/IMG_2536_JPG.rf.9ee003b7d0ee51cf56229728b47ee697.txt,train,train/images/IMG_2536_JPG.rf.9ee003b7d0ee51cf56229728b47ee697.jpg,ef57fd7e19aa615a325e9e7bcb4651609edb01ee2d7635fb9792b3a3397cdd2d,20,0,,included
train/images/WhatsApp-Image-2026-06-03-at-1-02-14-PM-1-_jpeg.rf.e7dea6a18449b890017ab11eceaf66c5.jpg,train/labels/WhatsApp-Image-2026-06-03-at-1-02-14-PM-1-_jpeg.rf.e7dea6a18449b890017ab11eceaf66c5.txt,d4/train/images/WhatsApp-Image-2026-06-03-at-1-02-14-PM-1-_jpeg.rf.e7dea6a18449b890017ab11eceaf66c5.jpg,d4/train/labels/WhatsApp-Image-2026-06-03-at-1-02-14-PM-1-_jpeg.rf.e7dea6a18449b890017ab11eceaf66c5.txt,train,train/images/WhatsApp-Image-2026-06-03-at-1-02-14-PM-1-_jpeg.rf.e7dea6a18449b890017ab11eceaf66c5.jpg,fc026a86b23ef84248b03eb5a000803e4d1489e36ef1b594a7b2426147eb9e3c,45,0,,included
train/images/WhatsApp-Image-2026-06-03-at-1-02-13-PM_jpeg.rf.58467c30d72eca2e60a7f88ac6004d45.jpg,train/labels/WhatsApp-Image-2026-06-03-at-1-02-13-PM_jpeg.rf.58467c30d72eca2e60a7f88ac6004d45.txt,d4/train/images/WhatsApp-Image-2026-06-03-at-1-02-13-PM_jpeg.rf.58467c30d72eca2e60a7f88ac6004d45.jpg,d4/train/labels/WhatsApp-Image-2026-06-03-at-1-02-13-PM_jpeg.rf.58467c30d72eca2e60a7f88ac6004d45.txt,train,train/images/WhatsApp-Image-2026-06-03-at-1-02-13-PM_jpeg.rf.58467c30d72eca2e60a7f88ac6004d45.jpg,b879c3aef6fdd128af91863d06c0374517afcee9a14a26fc7f31aad0933ffee6,45,0,,included
train/images/DSC03412_JPG.rf.7de19f55ee301b43a0a57623b2429b95.jpg,train/labels/DSC03412_JPG.rf.7de19f55ee301b43a0a57623b2429b95.txt,d4/test/images/DSC03412_JPG.rf.7de19f55ee301b43a0a57623b2429b95.jpg,d4/test/labels/DSC03412_JPG.rf.7de19f55ee301b43a0a57623b2429b95.txt,test,train/images/DSC03412_JPG.rf.7de19f55ee301b43a0a57623b2429b95.jpg,36ac1daa8aad6e3fb599c3855560bf8bf39cfe48ea3d46d410ebeffc46dc0d93,25,0,,included
train/images/DSC00059_JPG.rf.4b56b90ab035ddcd6ce99fc5f38f79d6.jpg,train/labels/DSC00059_JPG.rf.4b56b90ab035ddcd6ce99fc5f38f79d6.txt,d4/train/images/DSC00059_JPG.rf.4b56b90ab035ddcd6ce99fc5f38f79d6.jpg,d4/train/labels/DSC00059_JPG.rf.4b56b90ab035ddcd6ce99fc5f38f79d6.txt,train,train/images/DSC00059_JPG.rf.4b56b90ab035ddcd6ce99fc5f38f79d6.jpg,5cdd57ba3b63715341c729d5cdf6c0b5d5ebd076d7d367e159363ec0d10a4c16,35,0,,included
train/images/IMG_2711_JPG.rf.f01d751a025afac12e1b729287b3fc36.jpg,train/labels/IMG_2711_JPG.rf.f01d751a025afac12e1b729287b3fc36.txt,d4/train/images/IMG_2711_JPG.rf.f01d751a025afac12e1b729287b3fc36.jpg,d4/train/labels/IMG_2711_JPG.rf.f01d751a025afac12e1b729287b3fc36.txt,train,train/images/IMG_2711_JPG.rf.f01d751a025afac12e1b729287b3fc36.jpg,5a5a746b05031e9f14033bb1af139e1bff96bf56b013d611c3e50264f475ba38,30,0,,included
train/images/1768894395030_jpg.rf.cac08095f956369426680a7a03bef700.jpg,train/labels/1768894395030_jpg.rf.cac08095f956369426680a7a03bef700.txt,d4/valid/images/1768894395030_jpg.rf.cac08095f956369426680a7a03bef700.jpg,d4/valid/labels/1768894395030_jpg.rf.cac08095f956369426680a7a03bef700.txt,valid,train/images/1768894395030_jpg.rf.cac08095f956369426680a7a03bef700.jpg,28709697d8e58bb23096e7b31362a7e38ff2be9c36c832cdc215f59317751bae,20,0,,included
train/images/1768802717682_jpg.rf.22a02ebc216151f65e687760adf0829b.jpg,train/labels/1768802717682_jpg.rf.22a02ebc216151f65e687760adf0829b.txt,d4/train/images/1768802717682_jpg.rf.22a02ebc216151f65e687760adf0829b.jpg,d4/train/labels/1768802717682_jpg.rf.22a02ebc216151f65e687760adf0829b.txt,train,train/images/1768802717682_jpg.rf.22a02ebc216151f65e687760adf0829b.jpg,830e003020447ab0e5a4f37a307bbb1eb9bcd5d7f449803f7680abcb383b572d,20,0,,included
train/images/IMG_2701_JPG.rf.b0da0cd2ac19039d280e05ff8ec01dd0.jpg,train/labels/IMG_2701_JPG.rf.b0da0cd2ac19039d280e05ff8ec01dd0.txt,d4/train/images/IMG_2701_JPG.rf.b0da0cd2ac19039d280e05ff8ec01dd0.jpg,d4/train/labels/IMG_2701_JPG.rf.b0da0cd2ac19039d280e05ff8ec01dd0.txt,train,train/images/IMG_2701_JPG.rf.b0da0cd2ac19039d280e05ff8ec01dd0.jpg,4d589cb2bc2a6a7a884a890be9dd2c904fe5fcda9721156ae0b2c225a967cc9e,38,0,,included
train/images/IMG_3117_JPG.rf.32380fddd2c1d047e5e682308d0962b2.jpg,train/labels/IMG_3117_JPG.rf.32380fddd2c1d047e5e682308d0962b2.txt,d4/valid/images/IMG_3117_JPG.rf.32380fddd2c1d047e5e682308d0962b2.jpg,d4/valid/labels/IMG_3117_JPG.rf.32380fddd2c1d047e5e682308d0962b2.txt,valid,train/images/IMG_3117_JPG.rf.32380fddd2c1d047e5e682308d0962b2.jpg,29fe0efc8dff4b3e7a358a91b36e4eb0033cbdfd3be46942fde4b0092f42827e,20,0,,included
train/images/1769065083647_jpg.rf.217186cf101f3caa29f91c0bae29e166.jpg,train/labels/1769065083647_jpg.rf.217186cf101f3caa29f91c0bae29e166.txt,d4/train/images/1769065083647_jpg.rf.217186cf101f3caa29f91c0bae29e166.jpg,d4/train/labels/1769065083647_jpg.rf.217186cf101f3caa29f91c0bae29e166.txt,train,train/images/1769065083647_jpg.rf.217186cf101f3caa29f91c0bae29e166.jpg,d52b6a91b010a242d1feb74265e8ee75520ca0ead6df660687066a5360fd0674,20,0,,included
train/images/IMG_2611_JPG.rf.b1e096ae9d1cdd6f31d7d9583fb22f2a.jpg,train/labels/IMG_2611_JPG.rf.b1e096ae9d1cdd6f31d7d9583fb22f2a.txt,d4/train/images/IMG_2611_JPG.rf.b1e096ae9d1cdd6f31d7d9583fb22f2a.jpg,d4/train/labels/IMG_2611_JPG.rf.b1e096ae9d1cdd6f31d7d9583fb22f2a.txt,train,train/images/IMG_2611_JPG.rf.b1e096ae9d1cdd6f31d7d9583fb22f2a.jpg,980aac5b74991ea38575b952e817d60dc6794e86bbd20db78c3eb557726125c1,36,0,,included
train/images/1769147071017_jpg.rf.62f4ef6d73e4d3d1cf4ca4ce7edd9c58.jpg,train/labels/1769147071017_jpg.rf.62f4ef6d73e4d3d1cf4ca4ce7edd9c58.txt,d4/valid/images/1769147071017_jpg.rf.62f4ef6d73e4d3d1cf4ca4ce7edd9c58.jpg,d4/valid/labels/1769147071017_jpg.rf.62f4ef6d73e4d3d1cf4ca4ce7edd9c58.txt,valid,train/images/1769147071017_jpg.rf.62f4ef6d73e4d3d1cf4ca4ce7edd9c58.jpg,48179c5d64b4299fed6d728b4e586d4a1111b656c2bc322e141da0f70d6b452d,35,0,,included
train/images/-trashed-1731909776-IMG_20240911_222724_jpg.rf.4b87f74d6ebab0bc6b67024dd9003b61.jpg,train/labels/-trashed-1731909776-IMG_20240911_222724_jpg.rf.4b87f74d6ebab0bc6b67024dd9003b61.txt,d4/train/images/-trashed-1731909776-IMG_20240911_222724_jpg.rf.4b87f74d6ebab0bc6b67024dd9003b61.jpg,d4/train/labels/-trashed-1731909776-IMG_20240911_222724_jpg.rf.4b87f74d6ebab0bc6b67024dd9003b61.txt,train,train/images/-trashed-1731909776-IMG_20240911_222724_jpg.rf.4b87f74d6ebab0bc6b67024dd9003b61.jpg,9e4159c82f574a378cdd3c15b1f1488958748473002689621f442c396e706040,35,0,,included
train/images/5_jpg.rf.297c0b8c3869788e5906783f4e6becae.jpg,train/labels/5_jpg.rf.297c0b8c3869788e5906783f4e6becae.txt,d4/test/images/5_jpg.rf.297c0b8c3869788e5906783f4e6becae.jpg,d4/test/labels/5_jpg.rf.297c0b8c3869788e5906783f4e6becae.txt,test,train/images/5_jpg.rf.297c0b8c3869788e5906783f4e6becae.jpg,08dcd9d86079a3526ed1d69daa288c01ad16171d28fc4d01c17172f3acbb9dae,35,0,,included
train/images/IMG_2605_JPG.rf.51ccfd0b7f4cbd19c92c5af817c0c501.jpg,train/labels/IMG_2605_JPG.rf.51ccfd0b7f4cbd19c92c5af817c0c501.txt,d4/train/images/IMG_2605_JPG.rf.51ccfd0b7f4cbd19c92c5af817c0c501.jpg,d4/train/labels/IMG_2605_JPG.rf.51ccfd0b7f4cbd19c92c5af817c0c501.txt,train,train/images/IMG_2605_JPG.rf.51ccfd0b7f4cbd19c92c5af817c0c501.jpg,63c565aef971d284424d4e3b902a7eae28eb11f99af4d6b467c002e8c4f63e9f,80,0,,included
train/images/IMG_0292_JPG.rf.9c3f689c836ba85232f10efb64613515.jpg,train/labels/IMG_0292_JPG.rf.9c3f689c836ba85232f10efb64613515.txt,d4/train/images/IMG_0292_JPG.rf.9c3f689c836ba85232f10efb64613515.jpg,d4/train/labels/IMG_0292_JPG.rf.9c3f689c836ba85232f10efb64613515.txt,train,train/images/IMG_0292_JPG.rf.9c3f689c836ba85232f10efb64613515.jpg,a31c9c91996d181e6174634dc3f64828b8307d65484fb11bdade8fe90a421124,24,0,,included
train/images/IMG_0348_JPG.rf.a738265b2b3f45960c299263cfeb566e.jpg,train/labels/IMG_0348_JPG.rf.a738265b2b3f45960c299263cfeb566e.txt,d4/train/images/IMG_0348_JPG.rf.a738265b2b3f45960c299263cfeb566e.jpg,d4/train/labels/IMG_0348_JPG.rf.a738265b2b3f45960c299263cfeb566e.txt,train,train/images/IMG_0348_JPG.rf.a738265b2b3f45960c299263cfeb566e.jpg,426de4d91a6b74e15c4be9ff7991abaef1dd1276b1d0482389649050e65f64d2,24,0,,included
train/images/30_jpg.rf.96a4cee4087da73a7334b0bc7c92f179.jpg,train/labels/30_jpg.rf.96a4cee4087da73a7334b0bc7c92f179.txt,d4/valid/images/30_jpg.rf.96a4cee4087da73a7334b0bc7c92f179.jpg,d4/valid/labels/30_jpg.rf.96a4cee4087da73a7334b0bc7c92f179.txt,valid,train/images/30_jpg.rf.96a4cee4087da73a7334b0bc7c92f179.jpg,457bda993a4933f206b48af40e493551b806a6a67b9a39b77e2cbe946ff5143f,78,0,,included
train/images/1768802852075_jpg.rf.5176b768f024d367f1efb4175caac3a7.jpg,train/labels/1768802852075_jpg.rf.5176b768f024d367f1efb4175caac3a7.txt,d4/valid/images/1768802852075_jpg.rf.5176b768f024d367f1efb4175caac3a7.jpg,d4/valid/labels/1768802852075_jpg.rf.5176b768f024d367f1efb4175caac3a7.txt,valid,train/images/1768802852075_jpg.rf.5176b768f024d367f1efb4175caac3a7.jpg,e25a9a67ba76135d35a43c99f4109895278a2ac8afd58c24a77fa60a2172eddd,25,0,,included
train/images/IMG_2876_JPG.rf.c41824dba1164e0f42dbe8415ecda835.jpg,train/labels/IMG_2876_JPG.rf.c41824dba1164e0f42dbe8415ecda835.txt,d4/train/images/IMG_2876_JPG.rf.c41824dba1164e0f42dbe8415ecda835.jpg,d4/train/labels/IMG_2876_JPG.rf.c41824dba1164e0f42dbe8415ecda835.txt,train,train/images/IMG_2876_JPG.rf.c41824dba1164e0f42dbe8415ecda835.jpg,7c035d467699383e327bb8941fb07ea1b8fb36b9018650b5186978b9f4648068,24,0,,included
train/images/IMG_3146_JPG.rf.9afc409e63797bcacee9a94a39ce5498.jpg,train/labels/IMG_3146_JPG.rf.9afc409e63797bcacee9a94a39ce5498.txt,d4/train/images/IMG_3146_JPG.rf.9afc409e63797bcacee9a94a39ce5498.jpg,d4/train/labels/IMG_3146_JPG.rf.9afc409e63797bcacee9a94a39ce5498.txt,train,train/images/IMG_3146_JPG.rf.9afc409e63797bcacee9a94a39ce5498.jpg,da1b3cead049813543d7deb611921b3330abd91bda2bdd0c4ab32d49120596da,57,0,,included
train/images/IMG_2473_JPG.rf.c7546c904e25e6f54a7fdb8071f83f3c.jpg,train/labels/IMG_2473_JPG.rf.c7546c904e25e6f54a7fdb8071f83f3c.txt,d4/train/images/IMG_2473_JPG.rf.c7546c904e25e6f54a7fdb8071f83f3c.jpg,d4/train/labels/IMG_2473_JPG.rf.c7546c904e25e6f54a7fdb8071f83f3c.txt,train,train/images/IMG_2473_JPG.rf.c7546c904e25e6f54a7fdb8071f83f3c.jpg,d2e77d25587d3b62eeb0b05f52ddc70f9ede4c9e94e75ff0ccbcde49d63ee2a1,47,0,,included
train/images/IMG_0294_JPG.rf.4932562f58b0b51fd533d475db587642.jpg,train/labels/IMG_0294_JPG.rf.4932562f58b0b51fd533d475db587642.txt,d4/train/images/IMG_0294_JPG.rf.4932562f58b0b51fd533d475db587642.jpg,d4/train/labels/IMG_0294_JPG.rf.4932562f58b0b51fd533d475db587642.txt,train,train/images/IMG_0294_JPG.rf.4932562f58b0b51fd533d475db587642.jpg,19d94d43173e057a567d55167b1810d1ae54c7fbc9192d2e9bac843447fbac46,38,0,,included
train/images/1769147229775_jpg.rf.db4a7c34bc18811ac9da0f6b5ed55329.jpg,train/labels/1769147229775_jpg.rf.db4a7c34bc18811ac9da0f6b5ed55329.txt,d4/train/images/1769147229775_jpg.rf.db4a7c34bc18811ac9da0f6b5ed55329.jpg,d4/train/labels/1769147229775_jpg.rf.db4a7c34bc18811ac9da0f6b5ed55329.txt,train,train/images/1769147229775_jpg.rf.db4a7c34bc18811ac9da0f6b5ed55329.jpg,ee4bfd481099b327992d11d570e7ed70ab8ccc6041d0735fda904b3ea2b59ae6,26,0,,included
train/images/IMG_2280_JPG.rf.7c4b0d37bad41ad39f321625c2b7aa76.jpg,train/labels/IMG_2280_JPG.rf.7c4b0d37bad41ad39f321625c2b7aa76.txt,d4/train/images/IMG_2280_JPG.rf.7c4b0d37bad41ad39f321625c2b7aa76.jpg,d4/train/labels/IMG_2280_JPG.rf.7c4b0d37bad41ad39f321625c2b7aa76.txt,train,train/images/IMG_2280_JPG.rf.7c4b0d37bad41ad39f321625c2b7aa76.jpg,b02a9a3c1c5d689b8ee5ffc5213db243a587e3fc5ab55e45cf8183c20311893f,60,0,,included
train/images/WhatsApp-Image-2026-06-03-at-1-01-35-PM-4-_jpeg.rf.898e6c48acce86a51b9a5b9a8c874569.jpg,train/labels/WhatsApp-Image-2026-06-03-at-1-01-35-PM-4-_jpeg.rf.898e6c48acce86a51b9a5b9a8c874569.txt,d4/train/images/WhatsApp-Image-2026-06-03-at-1-01-35-PM-4-_jpeg.rf.898e6c48acce86a51b9a5b9a8c874569.jpg,d4/train/labels/WhatsApp-Image-2026-06-03-at-1-01-35-PM-4-_jpeg.rf.898e6c48acce86a51b9a5b9a8c874569.txt,train,train/images/WhatsApp-Image-2026-06-03-at-1-01-35-PM-4-_jpeg.rf.898e6c48acce86a51b9a5b9a8c874569.jpg,6ed4c687887beb2ec2fc7b735105eb4512ca4da0f3578a4b879dfafab93cfa80,39,0,,included
train/images/1769238913157_jpg.rf.513c9a88d125bb1f93c7d1302c99bcf0.jpg,train/labels/1769238913157_jpg.rf.513c9a88d125bb1f93c7d1302c99bcf0.txt,d4/train/images/1769238913157_jpg.rf.513c9a88d125bb1f93c7d1302c99bcf0.jpg,d4/train/labels/1769238913157_jpg.rf.513c9a88d125bb1f93c7d1302c99bcf0.txt,train,train/images/1769238913157_jpg.rf.513c9a88d125bb1f93c7d1302c99bcf0.jpg,639a3bd37deb4b50bae896e13f4361af4eac77a9b7538d08ffa4671a9ce67046,72,0,,included
train/images/DSC03399_JPG.rf.f7be574b13696be615f3e0d1c2ed8318.jpg,train/labels/DSC03399_JPG.rf.f7be574b13696be615f3e0d1c2ed8318.txt,d4/test/images/DSC03399_JPG.rf.f7be574b13696be615f3e0d1c2ed8318.jpg,d4/test/labels/DSC03399_JPG.rf.f7be574b13696be615f3e0d1c2ed8318.txt,test,train/images/DSC03399_JPG.rf.f7be574b13696be615f3e0d1c2ed8318.jpg,969a695ab282b5720dd6a28762d6cf44df6a0098d7d515c41d0317b6c5371ef1,25,0,,included
train/images/1769410259232_jpg.rf.45c9af3613a47edc21c76e69b0636dc4.jpg,train/labels/1769410259232_jpg.rf.45c9af3613a47edc21c76e69b0636dc4.txt,d4/train/images/1769410259232_jpg.rf.45c9af3613a47edc21c76e69b0636dc4.jpg,d4/train/labels/1769410259232_jpg.rf.45c9af3613a47edc21c76e69b0636dc4.txt,train,train/images/1769410259232_jpg.rf.45c9af3613a47edc21c76e69b0636dc4.jpg,63922b02d43ab5b0e191c78e52b78512e89dd60573380caa558b645a22b6792d,30,0,,included
train/images/-trashed-1744297251-IMG20250228000534-Copy_jpg.rf.a0cb365e10dc9f4aa16fc78c04f1300f.jpg,train/labels/-trashed-1744297251-IMG20250228000534-Copy_jpg.rf.a0cb365e10dc9f4aa16fc78c04f1300f.txt,d4/test/images/-trashed-1744297251-IMG20250228000534-Copy_jpg.rf.a0cb365e10dc9f4aa16fc78c04f1300f.jpg,d4/test/labels/-trashed-1744297251-IMG20250228000534-Copy_jpg.rf.a0cb365e10dc9f4aa16fc78c04f1300f.txt,test,train/images/-trashed-1744297251-IMG20250228000534-Copy_jpg.rf.a0cb365e10dc9f4aa16fc78c04f1300f.jpg,3337bd80ea047a7e2753f38f000926b1239ffceb4c4a16ccca24d6cf11f97b17,35,0,,included
train/images/15-_jpg.rf.dd80d391cbf29af2349b46a89de2bb93.jpg,train/labels/15-_jpg.rf.dd80d391cbf29af2349b46a89de2bb93.txt,d4/train/images/15-_jpg.rf.dd80d391cbf29af2349b46a89de2bb93.jpg,d4/train/labels/15-_jpg.rf.dd80d391cbf29af2349b46a89de2bb93.txt,train,train/images/15-_jpg.rf.dd80d391cbf29af2349b46a89de2bb93.jpg,cdae6a9a97b2e495ed3c970af36297476c4f8bc8b6f11b5b6d3f074b28aa5260,47,0,,included
train/images/1768894279627_jpg.rf.41ef19bf5f8c7341854ed5254a7d450e.jpg,train/labels/1768894279627_jpg.rf.41ef19bf5f8c7341854ed5254a7d450e.txt,d4/valid/images/1768894279627_jpg.rf.41ef19bf5f8c7341854ed5254a7d450e.jpg,d4/valid/labels/1768894279627_jpg.rf.41ef19bf5f8c7341854ed5254a7d450e.txt,valid,train/images/1768894279627_jpg.rf.41ef19bf5f8c7341854ed5254a7d450e.jpg,1d1fceb106f8f3059dd182ac16c34b344ebd9ab375051103fb6f2220bc34f8ca,25,0,,included
train/images/-trashed-1744297252-IMG20250228000639-Copy_jpg.rf.c9ab23c0404c0c2d34626e1b2fce8610.jpg,train/labels/-trashed-1744297252-IMG20250228000639-Copy_jpg.rf.c9ab23c0404c0c2d34626e1b2fce8610.txt,d4/valid/images/-trashed-1744297252-IMG20250228000639-Copy_jpg.rf.c9ab23c0404c0c2d34626e1b2fce8610.jpg,d4/valid/labels/-trashed-1744297252-IMG20250228000639-Copy_jpg.rf.c9ab23c0404c0c2d34626e1b2fce8610.txt,valid,train/images/-trashed-1744297252-IMG20250228000639-Copy_jpg.rf.c9ab23c0404c0c2d34626e1b2fce8610.jpg,45c8b2ef55d898e9cdae25fc584422867ff5ac3bcf28017b5f93369780bdc730,35,0,,included
train/images/1769147479480_jpg.rf.98df6f2f5bd384a07b3aded6c563b519.jpg,train/labels/1769147479480_jpg.rf.98df6f2f5bd384a07b3aded6c563b519.txt,d4/valid/images/1769147479480_jpg.rf.98df6f2f5bd384a07b3aded6c563b519.jpg,d4/valid/labels/1769147479480_jpg.rf.98df6f2f5bd384a07b3aded6c563b519.txt,valid,train/images/1769147479480_jpg.rf.98df6f2f5bd384a07b3aded6c563b519.jpg,84c1fc143ad5499204ab8c28710a9504547ac4a424af2f4ff49f83ca7ec27b68,30,0,,included
train/images/IMG_2857_JPG.rf.0b6e3919e50c2faef54321f6ee13ab6f.jpg,train/labels/IMG_2857_JPG.rf.0b6e3919e50c2faef54321f6ee13ab6f.txt,d4/train/images/IMG_2857_JPG.rf.0b6e3919e50c2faef54321f6ee13ab6f.jpg,d4/train/labels/IMG_2857_JPG.rf.0b6e3919e50c2faef54321f6ee13ab6f.txt,train,train/images/IMG_2857_JPG.rf.0b6e3919e50c2faef54321f6ee13ab6f.jpg,423f79d77187d2d54d4a91e92383a74cbfa2caa3e327923d2032809c15047002,25,0,,included
train/images/15-2-_jpg.rf.7e17b9e980aaaf5b12842ea8d52d42ca.jpg,train/labels/15-2-_jpg.rf.7e17b9e980aaaf5b12842ea8d52d42ca.txt,d4/train/images/15-2-_jpg.rf.7e17b9e980aaaf5b12842ea8d52d42ca.jpg,d4/train/labels/15-2-_jpg.rf.7e17b9e980aaaf5b12842ea8d52d42ca.txt,train,train/images/15-2-_jpg.rf.7e17b9e980aaaf5b12842ea8d52d42ca.jpg,058a0e6baa7eceacbdef44aa244ef450d1545d03e5a55f53f2890a760aec8027,45,0,,included
train/images/IMG_3016_JPG.rf.37600064bdd67e18a190bae6c9f2d4cd.jpg,train/labels/IMG_3016_JPG.rf.37600064bdd67e18a190bae6c9f2d4cd.txt,d4/train/images/IMG_3016_JPG.rf.37600064bdd67e18a190bae6c9f2d4cd.jpg,d4/train/labels/IMG_3016_JPG.rf.37600064bdd67e18a190bae6c9f2d4cd.txt,train,train/images/IMG_3016_JPG.rf.37600064bdd67e18a190bae6c9f2d4cd.jpg,a8f3071f9ec98daf40195117840526546fe6f3604fe5cb0b966733a3096c4641,24,0,,included
train/images/IMG_3275_JPG.rf.d4e5e7baccd1997bc83dd7069e65b72a.jpg,train/labels/IMG_3275_JPG.rf.d4e5e7baccd1997bc83dd7069e65b72a.txt,d4/train/images/IMG_3275_JPG.rf.d4e5e7baccd1997bc83dd7069e65b72a.jpg,d4/train/labels/IMG_3275_JPG.rf.d4e5e7baccd1997bc83dd7069e65b72a.txt,train,train/images/IMG_3275_JPG.rf.d4e5e7baccd1997bc83dd7069e65b72a.jpg,9febf40a6af68c68cb42d5b8266b089d98ff2928157f214d87415f11a028c4b1,39,0,,included
train/images/DSC00727_JPG.rf.1a6fc3ea12e5cb8c6668a1b0da46dbb9.jpg,train/labels/DSC00727_JPG.rf.1a6fc3ea12e5cb8c6668a1b0da46dbb9.txt,d4/train/images/DSC00727_JPG.rf.1a6fc3ea12e5cb8c6668a1b0da46dbb9.jpg,d4/train/labels/DSC00727_JPG.rf.1a6fc3ea12e5cb8c6668a1b0da46dbb9.txt,train,train/images/DSC00727_JPG.rf.1a6fc3ea12e5cb8c6668a1b0da46dbb9.jpg,7e15f14329a56c1e86b2e2e77ead42491bba330661f2c9170f2f9e8a74946e88,169,0,,included
train/images/IMG_0626_JPG.rf.d3f3b7e57e2de02c075ed89c44f15aa5.jpg,train/labels/IMG_0626_JPG.rf.d3f3b7e57e2de02c075ed89c44f15aa5.txt,d4/train/images/IMG_0626_JPG.rf.d3f3b7e57e2de02c075ed89c44f15aa5.jpg,d4/train/labels/IMG_0626_JPG.rf.d3f3b7e57e2de02c075ed89c44f15aa5.txt,train,train/images/IMG_0626_JPG.rf.d3f3b7e57e2de02c075ed89c44f15aa5.jpg,7fc920dd857b290a8b2825e1a8fe83dd7e2552f568b98e7fdf0d8c433d402afe,30,0,,included
train/images/A06_jpg.rf.7294065b8ee4ce8c05a48eb6d026aa7c.jpg,train/labels/A06_jpg.rf.7294065b8ee4ce8c05a48eb6d026aa7c.txt,d4/train/images/A06_jpg.rf.7294065b8ee4ce8c05a48eb6d026aa7c.jpg,d4/train/labels/A06_jpg.rf.7294065b8ee4ce8c05a48eb6d026aa7c.txt,train,train/images/A06_jpg.rf.7294065b8ee4ce8c05a48eb6d026aa7c.jpg,2363391d3ff2be58bb299e5ed0e3a41a9718a6ef64b996e1d13139fa55e116b5,30,0,,included
train/images/A04_jpg.rf.ad69b140ea8503dc2764ec20d289fdbe.jpg,train/labels/A04_jpg.rf.ad69b140ea8503dc2764ec20d289fdbe.txt,d4/train/images/A04_jpg.rf.ad69b140ea8503dc2764ec20d289fdbe.jpg,d4/train/labels/A04_jpg.rf.ad69b140ea8503dc2764ec20d289fdbe.txt,train,train/images/A04_jpg.rf.ad69b140ea8503dc2764ec20d289fdbe.jpg,4aba160cb9b660fdfb0030f78c9cfd378eacbb79e926df0aced12fc5982343e7,30,0,,included
train/images/1768802852175_jpg.rf.763a8a3c5a90ceb43fdebca8fea664ef.jpg,train/labels/1768802852175_jpg.rf.763a8a3c5a90ceb43fdebca8fea664ef.txt,d4/train/images/1768802852175_jpg.rf.763a8a3c5a90ceb43fdebca8fea664ef.jpg,d4/train/labels/1768802852175_jpg.rf.763a8a3c5a90ceb43fdebca8fea664ef.txt,train,train/images/1768802852175_jpg.rf.763a8a3c5a90ceb43fdebca8fea664ef.jpg,481a548b45b3aca8f70eacbe7d8c121e1f17edeebd43571f26d48917e1dae6c1,25,0,,included
train/images/11_jpg.rf.0c7e66b0102a91bcd0fbfc97ee18b1f3.jpg,train/labels/11_jpg.rf.0c7e66b0102a91bcd0fbfc97ee18b1f3.txt,d4/train/images/11_jpg.rf.0c7e66b0102a91bcd0fbfc97ee18b1f3.jpg,d4/train/labels/11_jpg.rf.0c7e66b0102a91bcd0fbfc97ee18b1f3.txt,train,train/images/11_jpg.rf.0c7e66b0102a91bcd0fbfc97ee18b1f3.jpg,5fca613b019df9adaddb20c3602f467e1a750f1bf8162aef180437476d1494c4,60,0,,included
train/images/DSC03394_JPG.rf.f125a9ea11196a898d93c7f8e98213e3.jpg,train/labels/DSC03394_JPG.rf.f125a9ea11196a898d93c7f8e98213e3.txt,d4/train/images/DSC03394_JPG.rf.f125a9ea11196a898d93c7f8e98213e3.jpg,d4/train/labels/DSC03394_JPG.rf.f125a9ea11196a898d93c7f8e98213e3.txt,train,train/images/DSC03394_JPG.rf.f125a9ea11196a898d93c7f8e98213e3.jpg,5e0c10493c5bb0b74681e04d39dc811271a72c1a9251bb1113406981e24a0946,25,0,,included
train/images/DSC00458_JPG.rf.862f437673b10e9d54e7a669725eafe7.jpg,train/labels/DSC00458_JPG.rf.862f437673b10e9d54e7a669725eafe7.txt,d4/test/images/DSC00458_JPG.rf.862f437673b10e9d54e7a669725eafe7.jpg,d4/test/labels/DSC00458_JPG.rf.862f437673b10e9d54e7a669725eafe7.txt,test,train/images/DSC00458_JPG.rf.862f437673b10e9d54e7a669725eafe7.jpg,cdc3904e71f9bd36d5e68a5b15b173b7fae0618328a2c9869edf64750ee89a24,80,0,,included
train/images/6-2-_jpg.rf.688b85d6913c6838c0af0976712e749d.jpg,train/labels/6-2-_jpg.rf.688b85d6913c6838c0af0976712e749d.txt,d4/train/images/6-2-_jpg.rf.688b85d6913c6838c0af0976712e749d.jpg,d4/train/labels/6-2-_jpg.rf.688b85d6913c6838c0af0976712e749d.txt,train,train/images/6-2-_jpg.rf.688b85d6913c6838c0af0976712e749d.jpg,8784ae1b1397e7544000e4080e12cd6701e8fd207e4d9e072f75cb9596fccee2,35,0,,included
train/images/IMG_2855_JPG.rf.e1b31bdf0f5444292a2d463d2c157e14.jpg,train/labels/IMG_2855_JPG.rf.e1b31bdf0f5444292a2d463d2c157e14.txt,d4/train/images/IMG_2855_JPG.rf.e1b31bdf0f5444292a2d463d2c157e14.jpg,d4/train/labels/IMG_2855_JPG.rf.e1b31bdf0f5444292a2d463d2c157e14.txt,train,train/images/IMG_2855_JPG.rf.e1b31bdf0f5444292a2d463d2c157e14.jpg,f753f1fd914df75384cfed0b5d51f3a7007adb7654f5ea05c221178391cd298a,25,0,,included
train/images/IMG_3208_JPG.rf.5bf44f5ce65d26344c07db4a0a2740eb.jpg,train/labels/IMG_3208_JPG.rf.5bf44f5ce65d26344c07db4a0a2740eb.txt,d4/train/images/IMG_3208_JPG.rf.5bf44f5ce65d26344c07db4a0a2740eb.jpg,d4/train/labels/IMG_3208_JPG.rf.5bf44f5ce65d26344c07db4a0a2740eb.txt,train,train/images/IMG_3208_JPG.rf.5bf44f5ce65d26344c07db4a0a2740eb.jpg,491cca80b2da22029542f6fad4f6e2964ef232417c707528294f98ddd97a050d,36,0,,included
train/images/17_jpg.rf.8de932cabde6a8b720eced477bc1e030.jpg,train/labels/17_jpg.rf.8de932cabde6a8b720eced477bc1e030.txt,d4/train/images/17_jpg.rf.8de932cabde6a8b720eced477bc1e030.jpg,d4/train/labels/17_jpg.rf.8de932cabde6a8b720eced477bc1e030.txt,train,train/images/17_jpg.rf.8de932cabde6a8b720eced477bc1e030.jpg,08fbe9409c9cd01a66bc42c718972c282cc4f085f5fb5d32d5baf8eca7d1e76a,60,0,,included
train/images/22_jpg.rf.c682dbe13cf39c5d7e6703dba17db326.jpg,train/labels/22_jpg.rf.c682dbe13cf39c5d7e6703dba17db326.txt,d4/train/images/22_jpg.rf.c682dbe13cf39c5d7e6703dba17db326.jpg,d4/train/labels/22_jpg.rf.c682dbe13cf39c5d7e6703dba17db326.txt,train,train/images/22_jpg.rf.c682dbe13cf39c5d7e6703dba17db326.jpg,7b07a20a01e0e97c021664ad3b41ce2dceb17076de2f5a3773801cf6de936092,60,0,,included
train/images/IMG_0347_JPG.rf.8ab4ab6ed30e020820d5dfdffb29d572.jpg,train/labels/IMG_0347_JPG.rf.8ab4ab6ed30e020820d5dfdffb29d572.txt,d4/train/images/IMG_0347_JPG.rf.8ab4ab6ed30e020820d5dfdffb29d572.jpg,d4/train/labels/IMG_0347_JPG.rf.8ab4ab6ed30e020820d5dfdffb29d572.txt,train,train/images/IMG_0347_JPG.rf.8ab4ab6ed30e020820d5dfdffb29d572.jpg,106c461307bb8629a915ca4b3cc30c5086115925df1880ef4bcbf66c99ef3a5c,24,0,,included
train/images/DSC03401_JPG.rf.123f03d53d4da0a9d1bfd7eda9693b80.jpg,train/labels/DSC03401_JPG.rf.123f03d53d4da0a9d1bfd7eda9693b80.txt,d4/train/images/DSC03401_JPG.rf.123f03d53d4da0a9d1bfd7eda9693b80.jpg,d4/train/labels/DSC03401_JPG.rf.123f03d53d4da0a9d1bfd7eda9693b80.txt,train,train/images/DSC03401_JPG.rf.123f03d53d4da0a9d1bfd7eda9693b80.jpg,815458a8258e1d8414506214475b306d6f87b2340701b101de74cf4c14574d89,25,0,,included
train/images/1769410259210_jpg.rf.77c3b64c6d30dbd6c6c20739b59b5eff.jpg,train/labels/1769410259210_jpg.rf.77c3b64c6d30dbd6c6c20739b59b5eff.txt,d4/train/images/1769410259210_jpg.rf.77c3b64c6d30dbd6c6c20739b59b5eff.jpg,d4/train/labels/1769410259210_jpg.rf.77c3b64c6d30dbd6c6c20739b59b5eff.txt,train,train/images/1769410259210_jpg.rf.77c3b64c6d30dbd6c6c20739b59b5eff.jpg,648cd287d1bd2cc50f47b7cf4e2d15c26344e0d1306fcf1a4b8f0729cde574ba,30,0,,included
train/images/IMG_2879_JPG.rf.d93f61096e92cad46c9c9c32f322251e.jpg,train/labels/IMG_2879_JPG.rf.d93f61096e92cad46c9c9c32f322251e.txt,d4/train/images/IMG_2879_JPG.rf.d93f61096e92cad46c9c9c32f322251e.jpg,d4/train/labels/IMG_2879_JPG.rf.d93f61096e92cad46c9c9c32f322251e.txt,train,train/images/IMG_2879_JPG.rf.d93f61096e92cad46c9c9c32f322251e.jpg,6d6c607d6ccd038bca34615a0a95517cd72826a720ee6fca650cdbe304b3f48c,24,0,,included
train/images/IMG_0305_JPG.rf.c32057271c4ad4d162231fd63f2c6146.jpg,train/labels/IMG_0305_JPG.rf.c32057271c4ad4d162231fd63f2c6146.txt,d4/train/images/IMG_0305_JPG.rf.c32057271c4ad4d162231fd63f2c6146.jpg,d4/train/labels/IMG_0305_JPG.rf.c32057271c4ad4d162231fd63f2c6146.txt,train,train/images/IMG_0305_JPG.rf.c32057271c4ad4d162231fd63f2c6146.jpg,f650b616e0199bc731a4d22ef22b92889ed8e238c39eb6621bb810204c81c9ef,30,0,,included
train/images/12_jpg.rf.dee723e5da449fa02a622eb8e7a27677.jpg,train/labels/12_jpg.rf.dee723e5da449fa02a622eb8e7a27677.txt,d4/train/images/12_jpg.rf.dee723e5da449fa02a622eb8e7a27677.jpg,d4/train/labels/12_jpg.rf.dee723e5da449fa02a622eb8e7a27677.txt,train,train/images/12_jpg.rf.dee723e5da449fa02a622eb8e7a27677.jpg,24e0b3e8739a4cd9f7f24023d793c4b37ddcc52b59337440f3a59af4e5dfd146,60,0,,included
train/images/IMG_2660_JPG.rf.66ee68fe573bb3296b6a23dcd9938052.jpg,train/labels/IMG_2660_JPG.rf.66ee68fe573bb3296b6a23dcd9938052.txt,d4/train/images/IMG_2660_JPG.rf.66ee68fe573bb3296b6a23dcd9938052.jpg,d4/train/labels/IMG_2660_JPG.rf.66ee68fe573bb3296b6a23dcd9938052.txt,train,train/images/IMG_2660_JPG.rf.66ee68fe573bb3296b6a23dcd9938052.jpg,7f081fab893d2822e1c53413ab8c6d16ad0fbf82b0fbe9234534c820702d4906,35,0,,included
train/images/IMG_2591_JPG.rf.8ad2bde552bd70cbf13c313bada37284.jpg,train/labels/IMG_2591_JPG.rf.8ad2bde552bd70cbf13c313bada37284.txt,d4/train/images/IMG_2591_JPG.rf.8ad2bde552bd70cbf13c313bada37284.jpg,d4/train/labels/IMG_2591_JPG.rf.8ad2bde552bd70cbf13c313bada37284.txt,train,train/images/IMG_2591_JPG.rf.8ad2bde552bd70cbf13c313bada37284.jpg,dd67c304a61ba61f5fcff10bdc013db16fe99ca1979dc6fd784b8ede72f37afc,49,0,,included
train/images/1769147479335_jpg.rf.429ea97285c4f413553c42a1d968c253.jpg,train/labels/1769147479335_jpg.rf.429ea97285c4f413553c42a1d968c253.txt,d4/train/images/1769147479335_jpg.rf.429ea97285c4f413553c42a1d968c253.jpg,d4/train/labels/1769147479335_jpg.rf.429ea97285c4f413553c42a1d968c253.txt,train,train/images/1769147479335_jpg.rf.429ea97285c4f413553c42a1d968c253.jpg,a6762844b897522d400821ca9c2ccf6626349b8740bb6c6c53f22a6329948cf9,26,0,,included
train/images/-trashed-1731909776-IMG_20240911_222818_jpg.rf.3d747a77c8ed214a3d0880cd4bf2fead.jpg,train/labels/-trashed-1731909776-IMG_20240911_222818_jpg.rf.3d747a77c8ed214a3d0880cd4bf2fead.txt,d4/train/images/-trashed-1731909776-IMG_20240911_222818_jpg.rf.3d747a77c8ed214a3d0880cd4bf2fead.jpg,d4/train/labels/-trashed-1731909776-IMG_20240911_222818_jpg.rf.3d747a77c8ed214a3d0880cd4bf2fead.txt,train,train/images/-trashed-1731909776-IMG_20240911_222818_jpg.rf.3d747a77c8ed214a3d0880cd4bf2fead.jpg,85678df3d9898291df9ebc058c84ada6eebcf585afa1ff93199936606f9342b0,35,0,,included
train/images/IMG_3226_JPG.rf.0177866afc74f31c895d3c5b4bd5b17a.jpg,train/labels/IMG_3226_JPG.rf.0177866afc74f31c895d3c5b4bd5b17a.txt,d4/valid/images/IMG_3226_JPG.rf.0177866afc74f31c895d3c5b4bd5b17a.jpg,d4/valid/labels/IMG_3226_JPG.rf.0177866afc74f31c895d3c5b4bd5b17a.txt,valid,train/images/IMG_3226_JPG.rf.0177866afc74f31c895d3c5b4bd5b17a.jpg,3645ca0a050a6cbee4ff35721ed05956917de272b0170dfa9b00e8de3399107f,40,0,,included
train/images/IMG_3215_JPG.rf.f6c790cf26259d5589e9f29ce397b668.jpg,train/labels/IMG_3215_JPG.rf.f6c790cf26259d5589e9f29ce397b668.txt,d4/train/images/IMG_3215_JPG.rf.f6c790cf26259d5589e9f29ce397b668.jpg,d4/train/labels/IMG_3215_JPG.rf.f6c790cf26259d5589e9f29ce397b668.txt,train,train/images/IMG_3215_JPG.rf.f6c790cf26259d5589e9f29ce397b668.jpg,6527049870ca8a62f00559fa430c6917e0e0761ae8e11d985649821b424b3e8a,42,0,,included
train/images/A35_JPG.rf.f6a3e72253cb6122aa84b44f9d54e125.jpg,train/labels/A35_JPG.rf.f6a3e72253cb6122aa84b44f9d54e125.txt,d4/train/images/A35_JPG.rf.f6a3e72253cb6122aa84b44f9d54e125.jpg,d4/train/labels/A35_JPG.rf.f6a3e72253cb6122aa84b44f9d54e125.txt,train,train/images/A35_JPG.rf.f6a3e72253cb6122aa84b44f9d54e125.jpg,238bf700e4e0123c2a839b99fd2c6ee5e90d90dca91be6c309b84adb1fb91845,73,0,,included
train/images/1769147071005_jpg.rf.3a3a9edd640a42ea5b7ddb62b8af88de.jpg,train/labels/1769147071005_jpg.rf.3a3a9edd640a42ea5b7ddb62b8af88de.txt,d4/train/images/1769147071005_jpg.rf.3a3a9edd640a42ea5b7ddb62b8af88de.jpg,d4/train/labels/1769147071005_jpg.rf.3a3a9edd640a42ea5b7ddb62b8af88de.txt,train,train/images/1769147071005_jpg.rf.3a3a9edd640a42ea5b7ddb62b8af88de.jpg,029a453c10d2d2a0f5a2ceade09cbc825778eb5debbc4e7e4a830ef21b6eb463,35,0,,included
train/images/31_jpg.rf.6c021410972a35abd662774fc685d487.jpg,train/labels/31_jpg.rf.6c021410972a35abd662774fc685d487.txt,d4/train/images/31_jpg.rf.6c021410972a35abd662774fc685d487.jpg,d4/train/labels/31_jpg.rf.6c021410972a35abd662774fc685d487.txt,train,train/images/31_jpg.rf.6c021410972a35abd662774fc685d487.jpg,94163833e7706fea2ef051ce37436f9382c4897fc8ce88d574c70c6b7c2ef776,78,0,,included
train/images/IMG_2353_JPG.rf.82285f51af0c8f0c010387db3b2cf645.jpg,train/labels/IMG_2353_JPG.rf.82285f51af0c8f0c010387db3b2cf645.txt,d4/train/images/IMG_2353_JPG.rf.82285f51af0c8f0c010387db3b2cf645.jpg,d4/train/labels/IMG_2353_JPG.rf.82285f51af0c8f0c010387db3b2cf645.txt,train,train/images/IMG_2353_JPG.rf.82285f51af0c8f0c010387db3b2cf645.jpg,57fa0af5008ce6ba7d8f3bf08333cce9a28c3bb92454ce5aeb20d32ebc746fe8,38,0,,included
train/images/IMG_2775_JPG.rf.818e3555e0e14399aaf5b8db51a23ac9.jpg,train/labels/IMG_2775_JPG.rf.818e3555e0e14399aaf5b8db51a23ac9.txt,d4/test/images/IMG_2775_JPG.rf.818e3555e0e14399aaf5b8db51a23ac9.jpg,d4/test/labels/IMG_2775_JPG.rf.818e3555e0e14399aaf5b8db51a23ac9.txt,test,train/images/IMG_2775_JPG.rf.818e3555e0e14399aaf5b8db51a23ac9.jpg,dc4e08f4f396dc05008aec0f6db21874c4d25a1df1c0ba3aa7a3411ecfc2b12e,72,0,,included
train/images/IMG_0662_JPG.rf.8d7ff373097599648c93fb6c01c3517d.jpg,train/labels/IMG_0662_JPG.rf.8d7ff373097599648c93fb6c01c3517d.txt,d4/train/images/IMG_0662_JPG.rf.8d7ff373097599648c93fb6c01c3517d.jpg,d4/train/labels/IMG_0662_JPG.rf.8d7ff373097599648c93fb6c01c3517d.txt,train,train/images/IMG_0662_JPG.rf.8d7ff373097599648c93fb6c01c3517d.jpg,2df21a08d83207e5945efe0c991076f0dd5b419ff50767cff5233e40d4fa0da1,101,0,,included
train/images/IMG_2881_JPG.rf.301cf77c2dcf01abd9675f0074e01551.jpg,train/labels/IMG_2881_JPG.rf.301cf77c2dcf01abd9675f0074e01551.txt,d4/test/images/IMG_2881_JPG.rf.301cf77c2dcf01abd9675f0074e01551.jpg,d4/test/labels/IMG_2881_JPG.rf.301cf77c2dcf01abd9675f0074e01551.txt,test,train/images/IMG_2881_JPG.rf.301cf77c2dcf01abd9675f0074e01551.jpg,339fe7f1f46f81063dbbf4a8e4918ee9f676a487a1d3847fde01301511af3e94,24,0,,included
train/images/IMG_3204_JPG.rf.9eb44c17668f553326fc7cbf974ee0ba.jpg,train/labels/IMG_3204_JPG.rf.9eb44c17668f553326fc7cbf974ee0ba.txt,d4/train/images/IMG_3204_JPG.rf.9eb44c17668f553326fc7cbf974ee0ba.jpg,d4/train/labels/IMG_3204_JPG.rf.9eb44c17668f553326fc7cbf974ee0ba.txt,train,train/images/IMG_3204_JPG.rf.9eb44c17668f553326fc7cbf974ee0ba.jpg,73acc78c7779497553837a0cdce4b4b3db29d147a934c607a784719b493719e2,44,0,,included
train/images/14_jpg.rf.d523f71d2a7bdeb565bd3969070f2af3.jpg,train/labels/14_jpg.rf.d523f71d2a7bdeb565bd3969070f2af3.txt,d4/train/images/14_jpg.rf.d523f71d2a7bdeb565bd3969070f2af3.jpg,d4/train/labels/14_jpg.rf.d523f71d2a7bdeb565bd3969070f2af3.txt,train,train/images/14_jpg.rf.d523f71d2a7bdeb565bd3969070f2af3.jpg,581af94b3da21cf38e542750fcfc07b46b0c9c9aa713b058fd5b929076fc4cfe,60,0,,included
train/images/IMG_2566_JPG.rf.edd11588a3b61b04fdb0d43bcab43532.jpg,train/labels/IMG_2566_JPG.rf.edd11588a3b61b04fdb0d43bcab43532.txt,d4/valid/images/IMG_2566_JPG.rf.edd11588a3b61b04fdb0d43bcab43532.jpg,d4/valid/labels/IMG_2566_JPG.rf.edd11588a3b61b04fdb0d43bcab43532.txt,valid,train/images/IMG_2566_JPG.rf.edd11588a3b61b04fdb0d43bcab43532.jpg,b0bcc24d6ce39d5ceab6f3ee2cbe025fc8b7daf53cd6a14793673c47ae2224e0,20,0,,included
train/images/1769147479382_jpg.rf.0e6506c4e36645beaee04e40819a9358.jpg,train/labels/1769147479382_jpg.rf.0e6506c4e36645beaee04e40819a9358.txt,d4/train/images/1769147479382_jpg.rf.0e6506c4e36645beaee04e40819a9358.jpg,d4/train/labels/1769147479382_jpg.rf.0e6506c4e36645beaee04e40819a9358.txt,train,train/images/1769147479382_jpg.rf.0e6506c4e36645beaee04e40819a9358.jpg,e69c7b72330e717c6d9bbb5b582c17f74cd43960b232f621378352fe3eea740f,32,0,,included
train/images/IMG_3143_JPG.rf.1153b9edc5c890e3d2bb8f18ebe68aef.jpg,train/labels/IMG_3143_JPG.rf.1153b9edc5c890e3d2bb8f18ebe68aef.txt,d4/train/images/IMG_3143_JPG.rf.1153b9edc5c890e3d2bb8f18ebe68aef.jpg,d4/train/labels/IMG_3143_JPG.rf.1153b9edc5c890e3d2bb8f18ebe68aef.txt,train,train/images/IMG_3143_JPG.rf.1153b9edc5c890e3d2bb8f18ebe68aef.jpg,649a059696524d219d6ddee2ce4e7762d148425d748b2d443b51c076dcbf603f,48,0,,included
train/images/1769147479399_jpg.rf.4635fc4490079f930a0aaf174f4aec1d.jpg,train/labels/1769147479399_jpg.rf.4635fc4490079f930a0aaf174f4aec1d.txt,d4/valid/images/1769147479399_jpg.rf.4635fc4490079f930a0aaf174f4aec1d.jpg,d4/valid/labels/1769147479399_jpg.rf.4635fc4490079f930a0aaf174f4aec1d.txt,valid,train/images/1769147479399_jpg.rf.4635fc4490079f930a0aaf174f4aec1d.jpg,7cb04a81a2c16e610ba10c2ccc16ff8485d015c83b0f2d3200280058c8dda773,34,0,,included
train/images/DSC00664_JPG.rf.73448cde4e71e218c1b7e123321eeaee.jpg,train/labels/DSC00664_JPG.rf.73448cde4e71e218c1b7e123321eeaee.txt,d4/train/images/DSC00664_JPG.rf.73448cde4e71e218c1b7e123321eeaee.jpg,d4/train/labels/DSC00664_JPG.rf.73448cde4e71e218c1b7e123321eeaee.txt,train,train/images/DSC00664_JPG.rf.73448cde4e71e218c1b7e123321eeaee.jpg,b04c06da9088b09029ca8d449495f54edf4817bdde8a1ef8c1cb0fb9d222e928,34,0,,included
train/images/18-_jpg.rf.4570ed2103fa5b6b0b959f1730771c5d.jpg,train/labels/18-_jpg.rf.4570ed2103fa5b6b0b959f1730771c5d.txt,d4/train/images/18-_jpg.rf.4570ed2103fa5b6b0b959f1730771c5d.jpg,d4/train/labels/18-_jpg.rf.4570ed2103fa5b6b0b959f1730771c5d.txt,train,train/images/18-_jpg.rf.4570ed2103fa5b6b0b959f1730771c5d.jpg,14db7492a4330ee2793c5a01dc8f8b414a63cd57e1955159be738bdcccab4ed8,35,0,,included
train/images/1769238913127_jpg.rf.c457e3d07eb92679071c3786ba9a72ed.jpg,train/labels/1769238913127_jpg.rf.c457e3d07eb92679071c3786ba9a72ed.txt,d4/valid/images/1769238913127_jpg.rf.c457e3d07eb92679071c3786ba9a72ed.jpg,d4/valid/labels/1769238913127_jpg.rf.c457e3d07eb92679071c3786ba9a72ed.txt,valid,train/images/1769238913127_jpg.rf.c457e3d07eb92679071c3786ba9a72ed.jpg,8f70e5947059d31cec2ca692f37d64e60b3a732ff8d46f0c0fd7f054db1f5bb8,72,0,,included
train/images/IMG_2502_JPG.rf.4defeefe7378170e170ec024ddfeb25d.jpg,train/labels/IMG_2502_JPG.rf.4defeefe7378170e170ec024ddfeb25d.txt,d4/valid/images/IMG_2502_JPG.rf.4defeefe7378170e170ec024ddfeb25d.jpg,d4/valid/labels/IMG_2502_JPG.rf.4defeefe7378170e170ec024ddfeb25d.txt,valid,train/images/IMG_2502_JPG.rf.4defeefe7378170e170ec024ddfeb25d.jpg,429434a0c67cab5a2c47e77f02dfc3cbc5ea0ef14d457792a02b6ee6f547a8a9,100,0,,included
train/images/1771991480460_jpg.rf.c6c4d362bb0e38bd06e3c0604b8822a0.jpg,train/labels/1771991480460_jpg.rf.c6c4d362bb0e38bd06e3c0604b8822a0.txt,d4/train/images/1771991480460_jpg.rf.c6c4d362bb0e38bd06e3c0604b8822a0.jpg,d4/train/labels/1771991480460_jpg.rf.c6c4d362bb0e38bd06e3c0604b8822a0.txt,train,train/images/1771991480460_jpg.rf.c6c4d362bb0e38bd06e3c0604b8822a0.jpg,fdabce88a5cfa2dbf048f220f3931d204d7ac2c23a32e4d282d301377257a6ae,13,0,,included
train/images/1769410259206_jpg.rf.9caef2c2f473e24d2fff899d6b2ad8b3.jpg,train/labels/1769410259206_jpg.rf.9caef2c2f473e24d2fff899d6b2ad8b3.txt,d4/train/images/1769410259206_jpg.rf.9caef2c2f473e24d2fff899d6b2ad8b3.jpg,d4/train/labels/1769410259206_jpg.rf.9caef2c2f473e24d2fff899d6b2ad8b3.txt,train,train/images/1769410259206_jpg.rf.9caef2c2f473e24d2fff899d6b2ad8b3.jpg,37714b2d52fd402a3b9c239b0b3771008df59206b6824432e32a1e0e35f570b8,30,0,,included
train/images/IMG_0518_JPG.rf.7ee5b92b9771079108cca411381064b8.jpg,train/labels/IMG_0518_JPG.rf.7ee5b92b9771079108cca411381064b8.txt,d4/train/images/IMG_0518_JPG.rf.7ee5b92b9771079108cca411381064b8.jpg,d4/train/labels/IMG_0518_JPG.rf.7ee5b92b9771079108cca411381064b8.txt,train,train/images/IMG_0518_JPG.rf.7ee5b92b9771079108cca411381064b8.jpg,05c1cd82fcd8904310f396c761744132234043d4bbbb7ccdd39cb85d0f86f60e,35,0,,included
train/images/A41_JPG.rf.74e79fddd877f1c17f328b9b42cfd0c6.jpg,train/labels/A41_JPG.rf.74e79fddd877f1c17f328b9b42cfd0c6.txt,d4/train/images/A41_JPG.rf.74e79fddd877f1c17f328b9b42cfd0c6.jpg,d4/train/labels/A41_JPG.rf.74e79fddd877f1c17f328b9b42cfd0c6.txt,train,train/images/A41_JPG.rf.74e79fddd877f1c17f328b9b42cfd0c6.jpg,637b5197e935a2cf1bf2c056c72aae65a3598f1f8d6ad61b5ab75d3bbf6e1522,30,0,,included
train/images/1769147070989_jpg.rf.1d0d4ef5d110343b0ae6fc8e5e48a69a.jpg,train/labels/1769147070989_jpg.rf.1d0d4ef5d110343b0ae6fc8e5e48a69a.txt,d4/valid/images/1769147070989_jpg.rf.1d0d4ef5d110343b0ae6fc8e5e48a69a.jpg,d4/valid/labels/1769147070989_jpg.rf.1d0d4ef5d110343b0ae6fc8e5e48a69a.txt,valid,train/images/1769147070989_jpg.rf.1d0d4ef5d110343b0ae6fc8e5e48a69a.jpg,2dc69b463ed997e0755d031a18a73656de97de1b96f4c07eddc3651cd0208ecd,35,0,,included
train/images/1768802552601_jpg.rf.fc912c60a856cd775c421ccb1d432ef8.jpg,train/labels/1768802552601_jpg.rf.fc912c60a856cd775c421ccb1d432ef8.txt,d4/valid/images/1768802552601_jpg.rf.fc912c60a856cd775c421ccb1d432ef8.jpg,d4/valid/labels/1768802552601_jpg.rf.fc912c60a856cd775c421ccb1d432ef8.txt,valid,train/images/1768802552601_jpg.rf.fc912c60a856cd775c421ccb1d432ef8.jpg,8d056a211d8364e7981343a0f2525d4193c36cbd6639da4cfc5057a5def7b150,20,0,,included
train/images/DSC00716_JPG.rf.dcf0309c77c551c708fcbac87748ebaf.jpg,train/labels/DSC00716_JPG.rf.dcf0309c77c551c708fcbac87748ebaf.txt,d4/test/images/DSC00716_JPG.rf.dcf0309c77c551c708fcbac87748ebaf.jpg,d4/test/labels/DSC00716_JPG.rf.dcf0309c77c551c708fcbac87748ebaf.txt,test,train/images/DSC00716_JPG.rf.dcf0309c77c551c708fcbac87748ebaf.jpg,08b8078fef227f160b134e198c32d54814ce0d24a100135887f5bf1968fb259e,19,0,,included
train/images/1769065083642_jpg.rf.10f568e7bb75b07aae5b9b73d142cc20.jpg,train/labels/1769065083642_jpg.rf.10f568e7bb75b07aae5b9b73d142cc20.txt,d4/test/images/1769065083642_jpg.rf.10f568e7bb75b07aae5b9b73d142cc20.jpg,d4/test/labels/1769065083642_jpg.rf.10f568e7bb75b07aae5b9b73d142cc20.txt,test,train/images/1769065083642_jpg.rf.10f568e7bb75b07aae5b9b73d142cc20.jpg,33c96d82fe44f03b89faf441d4be1b6cf7b0b5a206ddeb198d088d06eeb780c1,20,0,,included
train/images/1772077019023_jpg.rf.99ee1ac116a344f749f2004d18886675.jpg,train/labels/1772077019023_jpg.rf.99ee1ac116a344f749f2004d18886675.txt,d4/test/images/1772077019023_jpg.rf.99ee1ac116a344f749f2004d18886675.jpg,d4/test/labels/1772077019023_jpg.rf.99ee1ac116a344f749f2004d18886675.txt,test,train/images/1772077019023_jpg.rf.99ee1ac116a344f749f2004d18886675.jpg,d4f1d03874777bd426ad1c5877d9752f202931d2ea7103c10460870614ef5f5e,64,0,,included
train/images/IMG_3197_JPG.rf.5cda6ed698a97abb2db8c35e7caf35e4.jpg,train/labels/IMG_3197_JPG.rf.5cda6ed698a97abb2db8c35e7caf35e4.txt,d4/train/images/IMG_3197_JPG.rf.5cda6ed698a97abb2db8c35e7caf35e4.jpg,d4/train/labels/IMG_3197_JPG.rf.5cda6ed698a97abb2db8c35e7caf35e4.txt,train,train/images/IMG_3197_JPG.rf.5cda6ed698a97abb2db8c35e7caf35e4.jpg,5a332c32140ccd101baf71f41d3c4e4639e33b3f77871920f0e611568212c7d3,29,0,,included
train/images/IMG_2604_JPG.rf.bde7673df183922e862c8e791c40836a.jpg,train/labels/IMG_2604_JPG.rf.bde7673df183922e862c8e791c40836a.txt,d4/train/images/IMG_2604_JPG.rf.bde7673df183922e862c8e791c40836a.jpg,d4/train/labels/IMG_2604_JPG.rf.bde7673df183922e862c8e791c40836a.txt,train,train/images/IMG_2604_JPG.rf.bde7673df183922e862c8e791c40836a.jpg,ece85cdd21835859748ced32b861f4fce2cf686bab048dc4fbca0e631666abe6,80,0,,included
train/images/1769147229798_jpg.rf.2a7ce89997b716806c8b0b6f057587a7.jpg,train/labels/1769147229798_jpg.rf.2a7ce89997b716806c8b0b6f057587a7.txt,d4/train/images/1769147229798_jpg.rf.2a7ce89997b716806c8b0b6f057587a7.jpg,d4/train/labels/1769147229798_jpg.rf.2a7ce89997b716806c8b0b6f057587a7.txt,train,train/images/1769147229798_jpg.rf.2a7ce89997b716806c8b0b6f057587a7.jpg,42f67f5af15f9274beeb47c665fb25df446ff8fdd8b739af61cff9864d229ab2,26,0,,included
train/images/-trashed-1731909776-IMG_20240911_222759_jpg.rf.d29686eaaa2dfe026edcd5acdb57db02.jpg,train/labels/-trashed-1731909776-IMG_20240911_222759_jpg.rf.d29686eaaa2dfe026edcd5acdb57db02.txt,d4/train/images/-trashed-1731909776-IMG_20240911_222759_jpg.rf.d29686eaaa2dfe026edcd5acdb57db02.jpg,d4/train/labels/-trashed-1731909776-IMG_20240911_222759_jpg.rf.d29686eaaa2dfe026edcd5acdb57db02.txt,train,train/images/-trashed-1731909776-IMG_20240911_222759_jpg.rf.d29686eaaa2dfe026edcd5acdb57db02.jpg,cdb49f52d86aa121b0cd8a66eb9cda06866cb4aeaaa292dbca183788a90cc5c1,35,0,,included
train/images/IMG_3223_JPG.rf.bbfca2b7281aab0e222067a04e16ce27.jpg,train/labels/IMG_3223_JPG.rf.bbfca2b7281aab0e222067a04e16ce27.txt,d4/train/images/IMG_3223_JPG.rf.bbfca2b7281aab0e222067a04e16ce27.jpg,d4/train/labels/IMG_3223_JPG.rf.bbfca2b7281aab0e222067a04e16ce27.txt,train,train/images/IMG_3223_JPG.rf.bbfca2b7281aab0e222067a04e16ce27.jpg,775bf054412b726c16489ebf052856c62506c239971c0e2fb54dd6f2b7a1ebb5,25,0,,included
train/images/1768563134876_jpg.rf.8eff30b387fe74ead1f878c8f738a2c4.jpg,train/labels/1768563134876_jpg.rf.8eff30b387fe74ead1f878c8f738a2c4.txt,d4/train/images/1768563134876_jpg.rf.8eff30b387fe74ead1f878c8f738a2c4.jpg,d4/train/labels/1768563134876_jpg.rf.8eff30b387fe74ead1f878c8f738a2c4.txt,train,train/images/1768563134876_jpg.rf.8eff30b387fe74ead1f878c8f738a2c4.jpg,4ba2dc865e2e63579943638613bce96abc894b1a45ff570c32c70de5fd30cd68,25,0,,included
train/images/1769147479452_jpg.rf.2b990683b123fa706cf7538477b8407e.jpg,train/labels/1769147479452_jpg.rf.2b990683b123fa706cf7538477b8407e.txt,d4/train/images/1769147479452_jpg.rf.2b990683b123fa706cf7538477b8407e.jpg,d4/train/labels/1769147479452_jpg.rf.2b990683b123fa706cf7538477b8407e.txt,train,train/images/1769147479452_jpg.rf.2b990683b123fa706cf7538477b8407e.jpg,ae7ff6e4acc1e746cff2e57ae30d2541d3ca193dcf06029b427059100a0633e4,30,0,,included
train/images/IMG_3070_JPG.rf.174bc7c9f49096ae43b6f00aecaa84f0.jpg,train/labels/IMG_3070_JPG.rf.174bc7c9f49096ae43b6f00aecaa84f0.txt,d4/valid/images/IMG_3070_JPG.rf.174bc7c9f49096ae43b6f00aecaa84f0.jpg,d4/valid/labels/IMG_3070_JPG.rf.174bc7c9f49096ae43b6f00aecaa84f0.txt,valid,train/images/IMG_3070_JPG.rf.174bc7c9f49096ae43b6f00aecaa84f0.jpg,3a243153299c8b945b99d98d97494cb035d49285d746384ffe3407b051b107a2,35,0,,included
train/images/DSC02118_JPG.rf.b36486b467dd9355b29134b04c98a605.jpg,train/labels/DSC02118_JPG.rf.b36486b467dd9355b29134b04c98a605.txt,d4/train/images/DSC02118_JPG.rf.b36486b467dd9355b29134b04c98a605.jpg,d4/train/labels/DSC02118_JPG.rf.b36486b467dd9355b29134b04c98a605.txt,train,train/images/DSC02118_JPG.rf.b36486b467dd9355b29134b04c98a605.jpg,5a64bc84cea3e8f747627ab9133a431a1c1d5ca836da4888f78ab0d48b9886fc,44,0,,included
train/images/IMG_0557_JPG.rf.e7389938ce67847c1137b626e8c6bfcf.jpg,train/labels/IMG_0557_JPG.rf.e7389938ce67847c1137b626e8c6bfcf.txt,d4/train/images/IMG_0557_JPG.rf.e7389938ce67847c1137b626e8c6bfcf.jpg,d4/train/labels/IMG_0557_JPG.rf.e7389938ce67847c1137b626e8c6bfcf.txt,train,train/images/IMG_0557_JPG.rf.e7389938ce67847c1137b626e8c6bfcf.jpg,1263ac5822913e87e359786514e946389cb332598fc3587ac9eb9504e84b29cc,35,0,,included
train/images/1772077018978_jpg.rf.cba3a2831f630e7e3cf281d817cad959.jpg,train/labels/1772077018978_jpg.rf.cba3a2831f630e7e3cf281d817cad959.txt,d4/train/images/1772077018978_jpg.rf.cba3a2831f630e7e3cf281d817cad959.jpg,d4/train/labels/1772077018978_jpg.rf.cba3a2831f630e7e3cf281d817cad959.txt,train,train/images/1772077018978_jpg.rf.cba3a2831f630e7e3cf281d817cad959.jpg,28051c330ea0ddec6467fa26558e2ba2a0813a24ca15a5a00c1be08968e376e2,64,0,,included
train/images/WhatsApp-Image-2026-06-03-at-1-01-56-PM-6-_jpeg.rf.13bf4f6c58c2b6772dc2af4ed343a25a.jpg,train/labels/WhatsApp-Image-2026-06-03-at-1-01-56-PM-6-_jpeg.rf.13bf4f6c58c2b6772dc2af4ed343a25a.txt,d4/train/images/WhatsApp-Image-2026-06-03-at-1-01-56-PM-6-_jpeg.rf.13bf4f6c58c2b6772dc2af4ed343a25a.jpg,d4/train/labels/WhatsApp-Image-2026-06-03-at-1-01-56-PM-6-_jpeg.rf.13bf4f6c58c2b6772dc2af4ed343a25a.txt,train,train/images/WhatsApp-Image-2026-06-03-at-1-01-56-PM-6-_jpeg.rf.13bf4f6c58c2b6772dc2af4ed343a25a.jpg,27f293a67d27661987b6e6ad35fc5e84512d90b7d19d919de8da41c9a3ae3877,32,0,,included
train/images/A23-2-_jpg.rf.8c60f422acbf6361177d78a44082f2bb.jpg,train/labels/A23-2-_jpg.rf.8c60f422acbf6361177d78a44082f2bb.txt,d4/train/images/A23-2-_jpg.rf.8c60f422acbf6361177d78a44082f2bb.jpg,d4/train/labels/A23-2-_jpg.rf.8c60f422acbf6361177d78a44082f2bb.txt,train,train/images/A23-2-_jpg.rf.8c60f422acbf6361177d78a44082f2bb.jpg,6add35c8cac8b34e6603f01f360ce2482322ae605d0f84031571913cf5b7ab29,23,0,,included
train/images/IMG_2273_JPG.rf.4b9d583df6f8f0a9d96fc7587edef0ed.jpg,train/labels/IMG_2273_JPG.rf.4b9d583df6f8f0a9d96fc7587edef0ed.txt,d4/train/images/IMG_2273_JPG.rf.4b9d583df6f8f0a9d96fc7587edef0ed.jpg,d4/train/labels/IMG_2273_JPG.rf.4b9d583df6f8f0a9d96fc7587edef0ed.txt,train,train/images/IMG_2273_JPG.rf.4b9d583df6f8f0a9d96fc7587edef0ed.jpg,26e672f3ca7d9e70506b18248f7a388c146a3f9336d23b5019d682bf94b07179,78,0,,included
train/images/-trashed-1732390497-IMG_20241002_232240_jpg.rf.1bef47bde818e9640034e770b48c51a1.jpg,train/labels/-trashed-1732390497-IMG_20241002_232240_jpg.rf.1bef47bde818e9640034e770b48c51a1.txt,d4/train/images/-trashed-1732390497-IMG_20241002_232240_jpg.rf.1bef47bde818e9640034e770b48c51a1.jpg,d4/train/labels/-trashed-1732390497-IMG_20241002_232240_jpg.rf.1bef47bde818e9640034e770b48c51a1.txt,train,train/images/-trashed-1732390497-IMG_20241002_232240_jpg.rf.1bef47bde818e9640034e770b48c51a1.jpg,26816e418d054f573997c1d604b108c25fa26c9814b706f07834ad24ba46bf59,35,0,,included
train/images/DSC00670_JPG.rf.5fb3f0b644183cc916803d450ceeb76c.jpg,train/labels/DSC00670_JPG.rf.5fb3f0b644183cc916803d450ceeb76c.txt,d4/train/images/DSC00670_JPG.rf.5fb3f0b644183cc916803d450ceeb76c.jpg,d4/train/labels/DSC00670_JPG.rf.5fb3f0b644183cc916803d450ceeb76c.txt,train,train/images/DSC00670_JPG.rf.5fb3f0b644183cc916803d450ceeb76c.jpg,f2ab2ee64b062ba6efc2fb41c5bf8e2510d9bf7e36407c75093b8fba4d769fa2,34,0,,included
